{"mode":"init","prefix":"p2-cap-156d616c-hot","args":[],"code":0}
SLF4J(W): No SLF4J providers were found.
SLF4J(W): Defaulting to no-operation (NOP) logger implementation
SLF4J(W): See https://www.slf4j.org/codes.html#noProviders for further details.

{"mode":"paired-seed","prefix":"p2-cap-156d616c-hot","args":[1000,"hot"],"code":0}
{"source":{"wave":0,"partition":0,"offset":0,"checksum":"bea3fe5cd572e3feebd87676eeedb721354aa0b0ef6a49b06d8bb17405f872ff","bytes":368693}}
{"source":{"wave":1,"partition":0,"offset":1,"checksum":"0a339693e371d4e967ac75fbcfd24f71238e8a98ab276bba3cd2c00ad5d7e013","bytes":368803}}
{"source":{"wave":2,"partition":0,"offset":2,"checksum":"f09c7f158d14fa032e28c11319dda361f15a85939385393e28d585ce7bc0cd23","bytes":368803}}
{"source":{"wave":3,"partition":0,"offset":3,"checksum":"0e7d3c59842a4df0a2d8889650443420c5851446d2de7204ed89b24ecd6eed0f","bytes":368803}}
{"source":{"wave":4,"partition":0,"offset":4,"checksum":"4987531d37d822024eac5b8078204afd47fc5c671bae224cc72b6ef6d3e5f69a","bytes":368805}}
{"source":{"wave":5,"partition":0,"offset":5,"checksum":"91559430a31140180a55c89de2b4f7c155b9aed9b3493ed71f0814949f3dab53","bytes":369005}}
{"source":{"wave":6,"partition":0,"offset":6,"checksum":"51e781499b57b4663a58c98f3ebf17cb0e71ac7e7fcea670d548acad99284cdc","bytes":369005}}
{"source":{"wave":7,"partition":0,"offset":7,"checksum":"693ab9418cd314d8dfaf5346afbf235e130493b5d7c4af60014f853ae4953f19","bytes":369005}}
{"source":{"wave":8,"partition":0,"offset":8,"checksum":"81f9c7da19a33e87dbbdce704e26970f575da4021f916c300158ddc56c29fdf1","bytes":369005}}
{"source":{"wave":9,"partition":0,"offset":9,"checksum":"d7b77fd5c6c428cd6d845a6bf728d60023ba7019fe4094e81d0ab7b9117ee943","bytes":369005}}
{"source":{"wave":10,"partition":0,"offset":10,"checksum":"74dd22795c45a40c980c4e782734581821960f22c257b127ea0dbb7eab39c877","bytes":372106}}
{"source":{"wave":11,"partition":0,"offset":11,"checksum":"a2e695c6593c343d2f32d67f18dd39e4a1411a0df57e9f4d3186b2fcd7b60619","bytes":372106}}
{"source":{"wave":12,"partition":0,"offset":12,"checksum":"a9c0ac0797c36296c7874f661d59e5ef8ce32fc1ecfc2d26ca33272fbd8ca956","bytes":372106}}
{"source":{"wave":13,"partition":0,"offset":13,"checksum":"45aab7ca8d6bc939b6b425b64b5987b43991cb282ace50e75095a3352f56b5fa","bytes":372106}}
{"source":{"wave":14,"partition":0,"offset":14,"checksum":"3ce4563042e014a53c55b48531a90300dda8fc9421666db71f4e97ed916047b8","bytes":372106}}
{"source":{"wave":15,"partition":0,"offset":15,"checksum":"8424c4f5795fd07cfd61c4f8dcff88fe71a49fe1044d85506c49a534e7e3b052","bytes":372106}}
{"source":{"wave":16,"partition":0,"offset":16,"checksum":"b2324b3ccf8ecb4cfedf642fa5b183b38f18591e2fe8311ca1fe9d98a848306d","bytes":372106}}
{"source":{"wave":17,"partition":0,"offset":17,"checksum":"c50c1383b81c55e3143df130f48d1c0f663e38348ddb33feba2e171847f0a62f","bytes":372106}}
{"source":{"wave":18,"partition":0,"offset":18,"checksum":"5545aaa6850243637c40106bb86609bc5132780e19bf6b5fe822b6fe6824e364","bytes":372106}}
{"source":{"wave":19,"partition":0,"offset":19,"checksum":"3f6872b9e8554f4688a5ba23e095cf5f57ee559e3f071bcf7772349b72ca360b","bytes":372106}}
{"source":{"wave":20,"partition":0,"offset":20,"checksum":"09bad3dcc39b55f54e3dcc42c69d55cfc960c5f924b85b2d1c90ca07b90e1ecd","bytes":372106}}
{"source":{"wave":21,"partition":0,"offset":21,"checksum":"8c10e1ef52a4baa727b20b2cdabdf81dbf769c93f4edb1fae55c4d22840d6f0e","bytes":372106}}
{"source":{"wave":22,"partition":0,"offset":22,"checksum":"3674f1f8653969242ca0628f3a26a820a43ad8081ccc8b063ad1411b107a5990","bytes":372106}}
{"source":{"wave":23,"partition":0,"offset":23,"checksum":"65d2b6aaef8dccae881b3b01adb4c3d18a0b996e287d5a66a04fa44cd718da6b","bytes":372106}}
{"source":{"wave":24,"partition":0,"offset":24,"checksum":"f62fa4e4ca0ff34fff8ff33bf50e6160ed20c6ec3609fa9b58ec65099ae34d9a","bytes":372106}}
{"source":{"wave":25,"partition":0,"offset":25,"checksum":"745c021c4381b182ba2e4731411a2971e0e7c4663b7c1b669a02ca9aad4142ca","bytes":372106}}
{"source":{"wave":26,"partition":0,"offset":26,"checksum":"3a43d4c2f74af9ee81b7c4d885204dd63938c0d9fd770d559345b01bcfcc224e","bytes":372106}}
{"source":{"wave":27,"partition":0,"offset":27,"checksum":"319c451e7b3cd014f8e1643a1f87f5d688039c7d9ae973c9f209645419b72042","bytes":372106}}
{"source":{"wave":28,"partition":0,"offset":28,"checksum":"9a74474fc81690bd7f47d55cf1dc723870be52451a76a2493fa5b78ac2f0fd71","bytes":372106}}
{"source":{"wave":29,"partition":0,"offset":29,"checksum":"ccd133df8df1f2cd8786a0b1d02005dcaf1bfecadc12018c0e3798d1c103c6b1","bytes":372106}}
{"source":{"wave":30,"partition":0,"offset":30,"checksum":"edee6fd52786ad1f1b268bc720911393115e4c64585f2fc0c8afcb7261148de8","bytes":372106}}
{"source":{"wave":31,"partition":0,"offset":31,"checksum":"11dffc24dd332d6be351237379960dbf2b6158d52396266273d013b5cb299bdd","bytes":372106}}
{"source":{"wave":32,"partition":0,"offset":32,"checksum":"1f4c3375bfa18aa0c8460bec899662f88d089a89d75a46fcf62bcbe2ba302231","bytes":372106}}
{"source":{"wave":33,"partition":0,"offset":33,"checksum":"ab880a0d38cb5ce53eea9fa4e1ade0190a46eb560474a4f9468c35b5b384849a","bytes":372106}}
{"source":{"wave":34,"partition":0,"offset":34,"checksum":"8b8c0d60eb19f0ac8354eed09a4c0691454f95ea1bf0b5594cbb6a211348e505","bytes":372106}}
{"source":{"wave":35,"partition":0,"offset":35,"checksum":"5e13b55b8014440beb9d0fc42484ca9d5c3ed008643c6196168cbda8b5baffb1","bytes":372106}}
{"source":{"wave":36,"partition":0,"offset":36,"checksum":"f294c18741b8465266eea33388f357220a667fed10bc4cf9b54c4b1dc2022883","bytes":372106}}
{"source":{"wave":37,"partition":0,"offset":37,"checksum":"2f477d7b9e2305e79e995cd7c1b078a0459519a22677fb1e92bdb233e7e64631","bytes":372106}}
{"source":{"wave":38,"partition":0,"offset":38,"checksum":"41e2b3af057123f221f9999260519c1a4a8a0bdcb6cc25e16bbd25856f585da9","bytes":372106}}
{"source":{"wave":39,"partition":0,"offset":39,"checksum":"c1deee7c97c1466f294167606add8acc2cf64aee88325e96865395825b69b92f","bytes":372106}}
{"source":{"wave":40,"partition":0,"offset":40,"checksum":"170b9531817f70bf917e0a4b6810b094b903fbb48d7f452cc1df5b1da4cebb05","bytes":372106}}
{"source":{"wave":41,"partition":0,"offset":41,"checksum":"c280ceae0733ddc1927e407ba377a6305bba849cbfa0d4a5f2f1d457f5357765","bytes":372106}}
{"source":{"wave":42,"partition":0,"offset":42,"checksum":"6a850dcf1ac339de61499dc58b56bef4b5d126a5af6668bd6595b3f2d657420f","bytes":372106}}
{"source":{"wave":43,"partition":0,"offset":43,"checksum":"7ba13151faf58e00a3c63e937f69ec5f1ceb7d89332900ae287f2956f5521947","bytes":372106}}
{"source":{"wave":44,"partition":0,"offset":44,"checksum":"9648c10a4997051fe9514a444041548f68bf2f5a6099260733a6fb11a0863e07","bytes":372106}}
{"source":{"wave":45,"partition":0,"offset":45,"checksum":"35b16587f3da2538ad25d7955c9af921ec35d8733c76dcd534b2e9baeb4916d7","bytes":372106}}
{"source":{"wave":46,"partition":0,"offset":46,"checksum":"22c39cab8e12f4a51ba0d7ad34b6c562c91a7ab13183e436794ddd8cc01883b4","bytes":372106}}
{"source":{"wave":47,"partition":0,"offset":47,"checksum":"3061aad1392510e106f909e7c170e663325ce0146e83bb8fe3661702516c9781","bytes":372106}}
{"source":{"wave":48,"partition":0,"offset":48,"checksum":"cdd3c0824d514fefcdd573ef475a6a764ac97f9810dce07a047483bae04b22e9","bytes":372106}}
{"source":{"wave":49,"partition":0,"offset":49,"checksum":"e266a633160707a9eb52c7eba7a867cd1ee1ac5cd3c622867ee74c68a18c023b","bytes":372108}}
{"source":{"wave":50,"partition":0,"offset":50,"checksum":"b166c8bbad72a6755aa970584dfcc466cd89f2269cb30618f3549a0f45f1b7ea","bytes":372308}}
{"source":{"wave":51,"partition":0,"offset":51,"checksum":"853a14c41232a73f1604482f7dc85a218ef7ee8453830aa99b2ddb249030c517","bytes":372308}}
{"source":{"wave":52,"partition":0,"offset":52,"checksum":"6febf7466904a2a4dc339f0d547f338f49cd7fb9c715f90f241ff0286adcf1e1","bytes":372308}}
{"source":{"wave":53,"partition":0,"offset":53,"checksum":"be007b6f8a0789ca435872be2f60fdea010f41d157202cb89cbc4e9921033ab9","bytes":372308}}
{"source":{"wave":54,"partition":0,"offset":54,"checksum":"075ce3a74c772ba58f75de7173a065ef77c2e7be332ed3aa7c9a701d0dc1f569","bytes":372308}}
{"source":{"wave":55,"partition":0,"offset":55,"checksum":"4e9c07634520c13e88dac420578f8034a322faea3c8fc6d8f4f021cb71ec63bd","bytes":372308}}
{"source":{"wave":56,"partition":0,"offset":56,"checksum":"75197864d178c863666d4207476c8c09c37d032b09bba65db3e0456a508757be","bytes":372308}}
{"source":{"wave":57,"partition":0,"offset":57,"checksum":"81e84fed9c6cd76ac1dc76ee4b9b2112da548619634b104226fe3703014ac0fd","bytes":372308}}
{"source":{"wave":58,"partition":0,"offset":58,"checksum":"41e3bf8d8e363718cb983f8f090fba589a631ee6d8bf75114e87886488ce60a7","bytes":372308}}
{"source":{"wave":59,"partition":0,"offset":59,"checksum":"29ac73f5c06474b916d36c3ac6e9c0ca04f775a1fca36f968db8a5e3debb2a1b","bytes":372308}}
{"source":{"wave":60,"partition":0,"offset":60,"checksum":"bf5fc5a5e4690e93606b7252fcda6171242bdc7927f133bade20e32ce1e67712","bytes":372308}}
{"source":{"wave":61,"partition":0,"offset":61,"checksum":"97a6de684c077ca41f6707eb51fc673d0737f5422be19d6079b6eb48bc5356b5","bytes":372308}}
{"source":{"wave":62,"partition":0,"offset":62,"checksum":"4c330d5ac97d93d3d2b875044b6f1b4ed71d3948720382ec70c4342eaa42d36a","bytes":372308}}
{"source":{"wave":63,"partition":0,"offset":63,"checksum":"a5ca4bcc43966f9de98a21f1ef6bc0bb3f21283246efda1d61e1ec7721e676f0","bytes":372308}}
{"source":{"wave":64,"partition":0,"offset":64,"checksum":"ad5f1c43784d5b55c27c2566223c9d57dda9fa7dc42b24caf7a88c45915b2289","bytes":372308}}
{"source":{"wave":65,"partition":0,"offset":65,"checksum":"adf0fa34e4d7316fe4129b648daf661db7d80da21d36e8c98427c10a15767064","bytes":372308}}
{"source":{"wave":66,"partition":0,"offset":66,"checksum":"abb3346c9a7a472f4fbbb69e8e3fade3eda965052c9a73b44c4816c51ca042bf","bytes":372308}}
{"source":{"wave":67,"partition":0,"offset":67,"checksum":"0442b66595f44138f2fab2a7cb0027b20e37fae46595e53f283eba95159c35c5","bytes":372308}}
{"source":{"wave":68,"partition":0,"offset":68,"checksum":"020a5ce60b26afbb882a6c4b332e89b4d6b93fb098cf7b4f1c15d7eeed06b30b","bytes":372308}}
{"source":{"wave":69,"partition":0,"offset":69,"checksum":"7acea43bf659b40eff65fb90bcd975dd4b1524e0cb86e3644126edbbb4cb0de4","bytes":372308}}
{"source":{"wave":70,"partition":0,"offset":70,"checksum":"f126627e6aa9efe7b858fd44f60984a05e410d3862b901345c7e025a37c0d816","bytes":372308}}
{"source":{"wave":71,"partition":0,"offset":71,"checksum":"704589a1d3c14b882edbac5bdf730e4e8124aee5ae7e6b0422bbb7a66e9b11f1","bytes":372308}}
{"source":{"wave":72,"partition":0,"offset":72,"checksum":"75ca79dfdd5e4314d9ad5bc6b6c373b009a52b3794c3b175d44801d150713dd9","bytes":372308}}
{"source":{"wave":73,"partition":0,"offset":73,"checksum":"1844f4edbdc5236a6ceaf8c4119953212dd7aabe19af97e9bf00a8a276c1d411","bytes":372308}}
{"source":{"wave":74,"partition":0,"offset":74,"checksum":"46b8e550b13fedf4cdc9eecd8346b4f8030d6ea4e38271643f29a034eb2aa0d9","bytes":372308}}
{"source":{"wave":75,"partition":0,"offset":75,"checksum":"3d6faaaae7591768ccceec654676b5a863c414371aacbd92f95b9a78b4270f63","bytes":372308}}
{"source":{"wave":76,"partition":0,"offset":76,"checksum":"2d68c8aaffb2c3426fd7c88def49c0df59512e95636b8f243b9d1e435af4c86d","bytes":372308}}
{"source":{"wave":77,"partition":0,"offset":77,"checksum":"bd57ba60646ecf4233e5f5d9a3ec06dbed9c1b274febd2e72dbf30fa4db3a410","bytes":372308}}
{"source":{"wave":78,"partition":0,"offset":78,"checksum":"68c1601c0605212cb07ce4e8c40c9c5134ed628c5e18162a60861e582bd54fff","bytes":372308}}
{"source":{"wave":79,"partition":0,"offset":79,"checksum":"081aaf6352aeabcbc6767cc8dcb18b197d5073b0d7781365ac772ab3e5d58b53","bytes":372308}}
{"source":{"wave":80,"partition":0,"offset":80,"checksum":"f9c21b0fca103a1f42ad0adeb107b69ceea77f3bad422911dc19a4043a25df80","bytes":372308}}
{"source":{"wave":81,"partition":0,"offset":81,"checksum":"328cb7ddf76edb39a2d1bc2776a5176aeb2b9c4dc5ab536c4dd0a44f7b73964c","bytes":372308}}
{"source":{"wave":82,"partition":0,"offset":82,"checksum":"1f0881dd7db8ef7cc232973623829bab6b068bf0e52e6fd3702111b7b9db8582","bytes":372308}}
{"source":{"wave":83,"partition":0,"offset":83,"checksum":"3a803e57eb7bd16e6e1f16a67c1db74503a173a506463026b330a7e0a62eb52a","bytes":372308}}
{"source":{"wave":84,"partition":0,"offset":84,"checksum":"1cc765ccbd0cdd100654ec008757cd2d9d8da9c79b147b51c42a5b761e0a7304","bytes":372308}}
{"source":{"wave":85,"partition":0,"offset":85,"checksum":"c948186ff3723867a9087242d296906ab4c35b41754e5fac6160c1f2f2b00250","bytes":372308}}
{"source":{"wave":86,"partition":0,"offset":86,"checksum":"c662081c46681ac89e6a164996363ba29ff54c1154cbe5d17c50dff63c01e87d","bytes":372308}}
{"source":{"wave":87,"partition":0,"offset":87,"checksum":"7b6e397fd2ded266c8f9fd6ddd53e22c7e794aeb8e62ff74578c3464edb2c852","bytes":372308}}
{"source":{"wave":88,"partition":0,"offset":88,"checksum":"ef3667f1e707cb5a4ac0be320ece10034b6f8b70e7dc36f19030a249ea2bbe0b","bytes":372308}}
{"source":{"wave":89,"partition":0,"offset":89,"checksum":"a5b70c486bd84efcbbd95f69e442e3a314cb51fc13842d1bbbe08bfbf120fe62","bytes":372308}}
{"source":{"wave":90,"partition":0,"offset":90,"checksum":"996278480a2e24dc51a48b4edd35975234245e8bc2b447fb3b15f6f8456a2713","bytes":372308}}
{"source":{"wave":91,"partition":0,"offset":91,"checksum":"0680e100d12b993370600eb01d4bb18adaf4ebea623cee462eee95739563ae70","bytes":372308}}
{"source":{"wave":92,"partition":0,"offset":92,"checksum":"afdec60da94fe6d6faea53ed0ad0a3c46015fb42330fc02b76c666e8619fd5e9","bytes":372308}}
{"source":{"wave":93,"partition":0,"offset":93,"checksum":"0c3f893d30785e292286ae2890d4c725fbc5520ad6ff858c57a4984a75a78abd","bytes":372308}}
{"source":{"wave":94,"partition":0,"offset":94,"checksum":"3344da9a64dc2a933fca36db69a14f4fd84e087f96e475ad3e19102f4a617d13","bytes":372308}}
{"source":{"wave":95,"partition":0,"offset":95,"checksum":"6631a7dbf648994669128ee6f8697338f30e1e8464c3311aab32d82a359e0152","bytes":372308}}
{"source":{"wave":96,"partition":0,"offset":96,"checksum":"d55ae5fb49adbaefc52afab20219d7a725cbe2539923368946fada6265650bb7","bytes":372308}}
{"source":{"wave":97,"partition":0,"offset":97,"checksum":"da99c179057ea9bbd9025be3127f08499c9a441b12f71f0ef3736ef04f967bcb","bytes":372308}}
{"source":{"wave":98,"partition":0,"offset":98,"checksum":"e18f7e0fbda11f459faf84cbd9cd63682314789be741c3b9371eb636eef41f1c","bytes":372308}}
{"source":{"wave":99,"partition":0,"offset":99,"checksum":"7d5ffedf21d67f7cfcad73555da38ed0f7e45e402a696a7fb12c91f1a2516bb8","bytes":372308}}
{"source":{"wave":100,"partition":0,"offset":100,"checksum":"2d04ee6e707bb4aa935eceb9b89bdf0a2692cdf6834586e02c7fc1d54e229965","bytes":375409}}
{"source":{"wave":101,"partition":0,"offset":101,"checksum":"59438eaf4f0c6cf9f09d0996be9244c67d1cd292471e0daf5682900faed6570f","bytes":375409}}
{"source":{"wave":102,"partition":0,"offset":102,"checksum":"16a0b423bc64a28d936ae4cc1375ed24e8c57db0b2cc3f57e3117234543cdefd","bytes":375409}}
{"source":{"wave":103,"partition":0,"offset":103,"checksum":"484ae8b9ea196e25521d641068190545e3cab7618793056ef265e40703786e16","bytes":375409}}
{"source":{"wave":104,"partition":0,"offset":104,"checksum":"cddbc7aabd9e7840a9231affef844cae9ef01e04e7e3611a6d1500ca2ce2fca4","bytes":375409}}
{"source":{"wave":105,"partition":0,"offset":105,"checksum":"4f8f9c2bc4913e20c221f317d4cbbfa0194ca3dff205eeb22709c44f90eda874","bytes":375409}}
{"source":{"wave":106,"partition":0,"offset":106,"checksum":"9876d11cd5f925c6432e0a04746fd06dd78662a990825461bc6613c2b4aa6f25","bytes":375409}}
{"source":{"wave":107,"partition":0,"offset":107,"checksum":"34e94da0bf68a823c8b8e1faa670fac27e029edea431126df979abbe2fe0d66f","bytes":375409}}
{"source":{"wave":108,"partition":0,"offset":108,"checksum":"5a334a5f8199bb07fee31fc21c0311859a52bf6cc4541c170f7755a4fdf185fc","bytes":375409}}
{"source":{"wave":109,"partition":0,"offset":109,"checksum":"d8617d6af01d4cf18880a1b49e9f81d7fd59030006aec05c037d950a601b98cf","bytes":375409}}
{"source":{"wave":110,"partition":0,"offset":110,"checksum":"13b1f9d8110516fefc1d915ffb4b45b695f4852804bd860500258aca5546f6d6","bytes":375409}}
{"source":{"wave":111,"partition":0,"offset":111,"checksum":"29337810e4630158bfb373346471a0351ac3638dea3f6a56f8ba124ecaaa88c2","bytes":375409}}
{"source":{"wave":112,"partition":0,"offset":112,"checksum":"f8d864d13518490b612c58793ae55724d54107bb5aa3b279b8e03bffba1ccffa","bytes":375409}}
{"source":{"wave":113,"partition":0,"offset":113,"checksum":"d733927f1062e1f39a1faf30270bda6dbcf88ff707cbf4a188597c3730b7ff8d","bytes":375409}}
{"source":{"wave":114,"partition":0,"offset":114,"checksum":"c839f4ca54765e72c54d6da9210db9e92d690a6db8fd18da58db46e477d43834","bytes":375409}}
{"source":{"wave":115,"partition":0,"offset":115,"checksum":"778d88bda0d74a2605d0d0bd6e376a5471e755fa53e3f4b27842111c08553d44","bytes":375409}}
{"source":{"wave":116,"partition":0,"offset":116,"checksum":"8aaf7c7897c02c13c9514376b96cf3ee1bf91b83ca6b31566fae4f00ef617efc","bytes":375409}}
{"source":{"wave":117,"partition":0,"offset":117,"checksum":"498faafad9a57faa864d97bd173f9ff8670f4c7640863b8d8de10e558571e4b9","bytes":375409}}
{"source":{"wave":118,"partition":0,"offset":118,"checksum":"6a7a39677ec4a96dbee9f5126c8e243c8dd632e66c8d0867bd0f1dda6591a8dd","bytes":375409}}
{"source":{"wave":119,"partition":0,"offset":119,"checksum":"17f1f96a2b517c87b9dc2bc9dcbf46591a87843988c3110c9e9fd0b2da746e83","bytes":375409}}
{"source":{"wave":120,"partition":0,"offset":120,"checksum":"1bbcd7c6cc48911da5872a5758532ffd8bcee574f4d534b0df37e9629de5e89a","bytes":375409}}
{"source":{"wave":121,"partition":0,"offset":121,"checksum":"684765ae122ed39c2cf37a7d4d3852a192053ccad0090dfe8632c8b068fb9394","bytes":375409}}
{"source":{"wave":122,"partition":0,"offset":122,"checksum":"1207cfabe299b5d4d6862ddacace6e6be3944cab51c0a1f1fe013f230d56d133","bytes":375409}}
{"source":{"wave":123,"partition":0,"offset":123,"checksum":"f45c9f61400fe6e0b08a4f319db8389893ff8e8d7520663b6aa12efa7575fbd4","bytes":375409}}
{"source":{"wave":124,"partition":0,"offset":124,"checksum":"dcac781865958cb72b9dca2463978fcd9916ec5c0fe67e6f8a13a9f576c69fd3","bytes":375409}}
{"source":{"wave":125,"partition":0,"offset":125,"checksum":"cad60a2e5e070ead158230a32cdc3cf7c53328a1dfb57b0840590cd1b8ec7ff8","bytes":375409}}
{"source":{"wave":126,"partition":0,"offset":126,"checksum":"6be4ac293bafaf6bf03f7ab27dcff56d3f6ffda1a1c825991686f1f31121a8cf","bytes":375409}}
{"source":{"wave":127,"partition":0,"offset":127,"checksum":"fe84ea030e77e6b9eb1e264ae42b0d2f18eacf8c21a5b9fbae7032a3b2fd68a8","bytes":375409}}
{"source":{"wave":128,"partition":0,"offset":128,"checksum":"3c766e4972748fe4b6c6a1b0374b2da74f8d9de2c83c974e5b7847cfa5811922","bytes":375409}}
{"source":{"wave":129,"partition":0,"offset":129,"checksum":"617e1f38596260ff40c1d3272afe5ebeba5725ce9e882c580adfb1bd17703893","bytes":375409}}
{"source":{"wave":130,"partition":0,"offset":130,"checksum":"d58ecf364d71424be696928d46ea57adb5d96dd32b4d96e892773bf177caedb4","bytes":375409}}
{"source":{"wave":131,"partition":0,"offset":131,"checksum":"490aa8ff562f238c26b037faf671a1ab8b168f33d8be9248004b64cefcd045dc","bytes":375409}}
{"source":{"wave":132,"partition":0,"offset":132,"checksum":"69b588f6862c9653243dc15e193d2862e88455a93a3d6bda4f85f5413d85929a","bytes":375409}}
{"source":{"wave":133,"partition":0,"offset":133,"checksum":"2f64be6e0734498d7a1000b02e1d7ec1e08cdd85a6b1a6589906da7cad20e6d4","bytes":375409}}
{"source":{"wave":134,"partition":0,"offset":134,"checksum":"40276943710b545f2528c56b7eb259871ada2ba63aaa3059aed2fcc6df43c160","bytes":375409}}
{"source":{"wave":135,"partition":0,"offset":135,"checksum":"34247102fb9a3c560aae2dce8bae2b6ddd7039166d610163775a27aaa2fef590","bytes":375409}}
{"source":{"wave":136,"partition":0,"offset":136,"checksum":"4ad94a1904c834b7124ea8e26cce1d294cf8f123becc4da0cbfde7e6514e8fd9","bytes":375409}}
{"source":{"wave":137,"partition":0,"offset":137,"checksum":"253673d68005a9c50f8e2c354d6580aa5b695e0d0ca873099ab68a5b5271086a","bytes":375409}}
{"source":{"wave":138,"partition":0,"offset":138,"checksum":"10ad6cafed8e3b10bcce55466f8d38ac4ba1da2fca1b4c0ad428f26bb84c5a32","bytes":375409}}
{"source":{"wave":139,"partition":0,"offset":139,"checksum":"fb2b610651627418d72d71651b31d23fc6214ef46829bcc6432541c4922b4233","bytes":375409}}
{"source":{"wave":140,"partition":0,"offset":140,"checksum":"04de11cfa50a7e0af0f1b3b46fb1b414c2003931506853fbfc79ae4c73f34902","bytes":375409}}
{"source":{"wave":141,"partition":0,"offset":141,"checksum":"04e463d3619962393ba37d0d830b87a37d407ca3986f9c3ac24add2e8146e449","bytes":375409}}
{"source":{"wave":142,"partition":0,"offset":142,"checksum":"4308d4fd7c045c641702f11dd8b4f1782959ffc83f263c3d41466e9d2c0fb46b","bytes":375409}}
{"source":{"wave":143,"partition":0,"offset":143,"checksum":"4e872cdafd32b82b7512baa258feff19ba5c0cd3153283a88cc2086da470b951","bytes":375409}}
{"source":{"wave":144,"partition":0,"offset":144,"checksum":"71de79eb1216371ff9c0235b13ad0f0defbcb087619f15f73738ff8888397c86","bytes":375409}}
{"source":{"wave":145,"partition":0,"offset":145,"checksum":"91a7ebff58e86d71eef27d6f58ccec2ec2ac598d538c2d26e9d30810a954346d","bytes":375409}}
{"source":{"wave":146,"partition":0,"offset":146,"checksum":"697d6e9cba85a403b8f6038b337f58d1e32722ea2cb81e730bd1edd47697fda6","bytes":375409}}
{"source":{"wave":147,"partition":0,"offset":147,"checksum":"0b8132331e66cb8eec6670a43990d73fdfee1795632d08febe758c25ed0a2734","bytes":375409}}
{"source":{"wave":148,"partition":0,"offset":148,"checksum":"69d2eca7cbcc10fe179c4f344b5631463e0d24365fee18f7f1fe054d44236d7f","bytes":375409}}
{"source":{"wave":149,"partition":0,"offset":149,"checksum":"cc76039397d70a7cba70a5cf64c9ae0ff4adca8c09862c6c8a564a2e1f23244d","bytes":375409}}
{"source":{"wave":150,"partition":0,"offset":150,"checksum":"a3cbd40000215417f5830135f9d512fdedb46cfea4692e400f4d407bc912ff74","bytes":375409}}
{"source":{"wave":151,"partition":0,"offset":151,"checksum":"00b72d8a632c44e401ea16b8ed3ea7dee2361ec6d11174d3d93529a5d829e9fe","bytes":375409}}
{"source":{"wave":152,"partition":0,"offset":152,"checksum":"c4006b802ce9b09bb24629b282a7d55c12b2a2348de0986f7d10784d4f896d25","bytes":375409}}
{"source":{"wave":153,"partition":0,"offset":153,"checksum":"36600fb18b0f79aac300d48f605aefaeb196958d387559103c49d7364b84a3ee","bytes":375409}}
{"source":{"wave":154,"partition":0,"offset":154,"checksum":"d1335abae384b9bbf52e35f799fb8419865307c9e1801757285307d2356fb68a","bytes":375409}}
{"source":{"wave":155,"partition":0,"offset":155,"checksum":"50b92689fed3486a09e198335ed7013f4110d31b037b7592a6bbb9e8422a5fd6","bytes":375409}}
{"source":{"wave":156,"partition":0,"offset":156,"checksum":"820721fb33d63979f20e79a9460c37255d73ea0f322fd79843893f6dc22bb526","bytes":375409}}
{"source":{"wave":157,"partition":0,"offset":157,"checksum":"9d01f2908f283ca6345bcce9618637ea25f3b4a4c0a0152e9972fcff530b6551","bytes":375409}}
{"source":{"wave":158,"partition":0,"offset":158,"checksum":"55a587dab570f69906324b6bc6ff370d5ecde4937fdc8d9fce2fd9302c96395c","bytes":375409}}
{"source":{"wave":159,"partition":0,"offset":159,"checksum":"9124f00b4d04d325b7c1d8cb3d6dcd0054dda5cae4dd01f9c396bb2192b8b758","bytes":375409}}
{"source":{"wave":160,"partition":0,"offset":160,"checksum":"3a5b69e018c1a09e1a32ca16f7a41d216d2f0f367a4e04a64d328606fffc3945","bytes":375409}}
{"source":{"wave":161,"partition":0,"offset":161,"checksum":"f599f192d5ae312ebe371830182d27346444a643f7e1f942e7df3d449fde3aeb","bytes":375409}}
{"source":{"wave":162,"partition":0,"offset":162,"checksum":"26d542c227464ebc5188d1e656e66c98f6f7faadbf4b7ec0f83bb1d163663bee","bytes":375409}}
{"source":{"wave":163,"partition":0,"offset":163,"checksum":"45cc1b9e000f32536b55e1102bcf1535500f67f500260a095debefd52f5689f9","bytes":375409}}
{"source":{"wave":164,"partition":0,"offset":164,"checksum":"7a773f0c9997d78603dff4255e2ddce405246829db3a21584ea06e7329b4084b","bytes":375409}}
{"source":{"wave":165,"partition":0,"offset":165,"checksum":"7ad19a9a7619b66f2112987c0dcd787df5285fdd16e71b73599c304292d832b5","bytes":375409}}
{"source":{"wave":166,"partition":0,"offset":166,"checksum":"c66fcf6a684ad8b0655e03e2bbba9baed1ea835e560c829746231edc308facdb","bytes":375409}}
{"source":{"wave":167,"partition":0,"offset":167,"checksum":"4f8155cee4439266d516e3b0efcd979ab1e79244f0aed9b446daed4327481677","bytes":375409}}
{"source":{"wave":168,"partition":0,"offset":168,"checksum":"7fb41e4703a96a6d8c0f53d7e7af7aead90d6cb01bd6d7608edbbd7aa3398be4","bytes":375409}}
{"source":{"wave":169,"partition":0,"offset":169,"checksum":"d623fc95ea6af40eaf63541480a270861d5dba44914ccf2e792129c224d747ad","bytes":375409}}
{"source":{"wave":170,"partition":0,"offset":170,"checksum":"25a03b105e277ebf91fbfda5320e12118e6da4eb3f189524383434153a34a03b","bytes":375409}}
{"source":{"wave":171,"partition":0,"offset":171,"checksum":"2bde912e6514a49ff3bbf58a53f53974afe2e79e735e4f8cf5330ab54999bd5c","bytes":375409}}
{"source":{"wave":172,"partition":0,"offset":172,"checksum":"165acb677f6c1d0fad942803d7d4556edffe7e4a8ae8fbd58ea8c96bb7777177","bytes":375409}}
{"source":{"wave":173,"partition":0,"offset":173,"checksum":"93326deb166fcb0e9901d7a6fb7d67e1f28588e347e0c476c74fdeab2fe472b0","bytes":375409}}
{"source":{"wave":174,"partition":0,"offset":174,"checksum":"118bde404f31682123591bf6eb9d8b9164f2a0139d619acdfd548a3afed6b665","bytes":375409}}
{"source":{"wave":175,"partition":0,"offset":175,"checksum":"70d3564766b2554fe042c7d7833b3fff53b98ee91a015a842abc8e07552f39e5","bytes":375409}}
{"source":{"wave":176,"partition":0,"offset":176,"checksum":"df0db45a9065c684107d7ab699b6a9824d71bcfaf17302f48c0da6f22b449b45","bytes":375409}}
{"source":{"wave":177,"partition":0,"offset":177,"checksum":"fc34275ebbd9c151f1e9cccfac8df2801745aea288c06fc9b2ab026a0417e716","bytes":375409}}
{"source":{"wave":178,"partition":0,"offset":178,"checksum":"4eb1ea65728274f277d41938bebc640e27898966d7f7e0f71b3c8bf816527c3e","bytes":375409}}
{"source":{"wave":179,"partition":0,"offset":179,"checksum":"4f3b50cc3fe2b752b8bc38b73f1c10fbce59b76321a6deed12a92cb1258b3768","bytes":375409}}
{"source":{"wave":180,"partition":0,"offset":180,"checksum":"b8c2f65ac870fb2f047ab6004314a75cb7557636ef8ec3bda2a95b2cbf7ad291","bytes":375409}}
{"source":{"wave":181,"partition":0,"offset":181,"checksum":"a4bc2c68ba047c33f288045b8490a5dd3fa4f3e6d47061cb10d8c122153f5a5e","bytes":375409}}
{"source":{"wave":182,"partition":0,"offset":182,"checksum":"4a048c9c89eae1d578caff09ab67236f3c6a4a10fd7bd990a47dfe00f50f70d1","bytes":375409}}
{"source":{"wave":183,"partition":0,"offset":183,"checksum":"220a5590bb067bf58aff48593e44317f543c7f33f8c26636b4526613f20c306d","bytes":375409}}
{"source":{"wave":184,"partition":0,"offset":184,"checksum":"5fb3b5c5961ec43fb8d43da65d9de20dd01d4521700622007d2b9c2ff2f48310","bytes":375409}}
{"source":{"wave":185,"partition":0,"offset":185,"checksum":"f3111b11bdb7d671a9704f0db216fc6f0c6b17caf108d1e1814b24d6883df3cd","bytes":375409}}
{"source":{"wave":186,"partition":0,"offset":186,"checksum":"4cdaa3f7708ff129d376bcdc21074e83c8715aaa57f2c38aa93d4d016ed1cff8","bytes":375409}}
{"source":{"wave":187,"partition":0,"offset":187,"checksum":"7bb67d042f0a86a3e682fd78499cd2db782174574e205723d9fbe25b17e13f48","bytes":375409}}
{"source":{"wave":188,"partition":0,"offset":188,"checksum":"3a823988100dd73344859ff0769f6ace9b3271c8131dfd48b399b817f7929bc1","bytes":375409}}
{"source":{"wave":189,"partition":0,"offset":189,"checksum":"1cd6ecc0e23fea0c1aaf50cd23f6bed19cd47755334ef99e20ef95ee3c9b9857","bytes":375409}}
{"source":{"wave":190,"partition":0,"offset":190,"checksum":"ea1d79422e87d03bf2e2257db1af4f872fad5d6e366db7a615f2e573ffcb2213","bytes":375409}}
{"source":{"wave":191,"partition":0,"offset":191,"checksum":"f138094c5826ca58c80c3b136682fb66161a70b8763a15a48bf1dc7457683e82","bytes":375409}}
{"source":{"wave":192,"partition":0,"offset":192,"checksum":"07833c92418f134426583553c78cf1a8670809722f13097ac60b4c1fe70e1c0a","bytes":375409}}
{"source":{"wave":193,"partition":0,"offset":193,"checksum":"80b886f7f0653f212656ba5243854c7eb04754486d3e6fc105b46f8e6e66f0ea","bytes":375409}}
{"source":{"wave":194,"partition":0,"offset":194,"checksum":"2672c69e9081873b25d38babc6d6b552088111e033b98da4b5cdb154e7ea34b0","bytes":375409}}
{"source":{"wave":195,"partition":0,"offset":195,"checksum":"1aeb06ec951c8a0165e7cabad8f179b0aaec9c13f9621e723e22ea8ae30ba651","bytes":375409}}
{"source":{"wave":196,"partition":0,"offset":196,"checksum":"713e9cb7e8823ea35bc296cd9b44aa75c4f611b1a64fb5c43acf723276991a4a","bytes":375409}}
{"source":{"wave":197,"partition":0,"offset":197,"checksum":"0676c0be9caeb0af300334d5d229254a1128e45a9c14faeb7d0a71628dea6022","bytes":375409}}
{"source":{"wave":198,"partition":0,"offset":198,"checksum":"a81e926411fef9cde28dd23571681a560578c1130bf4eb6be1766417dfdd844a","bytes":375409}}
{"source":{"wave":199,"partition":0,"offset":199,"checksum":"12ae24741affa77e2426f9a45e4b7d4fb3aee87dfbef4b52244525f3bdcb3018","bytes":375409}}
{"source":{"wave":200,"partition":0,"offset":200,"checksum":"3c229d8de5c2c0fe1270f98cbb368c930a461f0096a685b328e4b76b84d0ac85","bytes":375409}}
{"source":{"wave":201,"partition":0,"offset":201,"checksum":"3fbe830175f9f12c8cbb36ee75faa9c35e124155bd8fd53048d55e73db9268f2","bytes":375409}}
{"source":{"wave":202,"partition":0,"offset":202,"checksum":"f66790179237f6d73764939f62794365be917c69d51aa8fcc8b80198ac5a0135","bytes":375409}}
{"source":{"wave":203,"partition":0,"offset":203,"checksum":"b68be868c51880589aefc3d90148ac661b13f4e5fe957669f6e04525ad3f0b25","bytes":375409}}
{"source":{"wave":204,"partition":0,"offset":204,"checksum":"3697c8942282a338d4fcf0e77f1e53d2f0ef9fe5d44f40d1aeb8234e2275c681","bytes":375409}}
{"source":{"wave":205,"partition":0,"offset":205,"checksum":"8d5d915518ca5c0d04be4df4a6024e47047cdcda6b579dce25fbc7155f007de2","bytes":375409}}
{"source":{"wave":206,"partition":0,"offset":206,"checksum":"80a45a9e45052e21de66474a9fafbc44398008d71baca04bf0d9d4f0beb736ac","bytes":375409}}
{"source":{"wave":207,"partition":0,"offset":207,"checksum":"6c7ea0b9bd4fb8eadc11f1ceb29bc7448e4a52fce133632b34b7d6da42ef1072","bytes":375409}}
{"source":{"wave":208,"partition":0,"offset":208,"checksum":"53f8788964c6f636c7b508010d82871c7a86d89b0133027290b977aec9e825e3","bytes":375409}}
{"source":{"wave":209,"partition":0,"offset":209,"checksum":"5dca58d4b610a82958f0e9482d075a20fc7a3b2baaf6bd5072e361439b598cd8","bytes":375409}}
{"source":{"wave":210,"partition":0,"offset":210,"checksum":"cd1433d0c1b9e7dd1ba0bd6d755a06b4093f86ee00d17d9e700e264f6551eede","bytes":375409}}
{"source":{"wave":211,"partition":0,"offset":211,"checksum":"b1f39929219a56b32e070794a1f93c09b70cedf521ee3f13350f0113e743d428","bytes":375409}}
{"source":{"wave":212,"partition":0,"offset":212,"checksum":"68302422bdc8813951a423e14587de02d8a204a2461e65a6a4381509aa30605e","bytes":375409}}
{"source":{"wave":213,"partition":0,"offset":213,"checksum":"1a938c10060d5889277898c777d6ac97347b685164d95eb5bd4c37754b8622b9","bytes":375409}}
{"source":{"wave":214,"partition":0,"offset":214,"checksum":"582b28b8ed8bba04a4ac28c5019a0bf501b8a1c08b0aa8d21b0f751f39e00e2b","bytes":375409}}
{"source":{"wave":215,"partition":0,"offset":215,"checksum":"dc2bb6a06b858b923b4d9feb5311f30c08b236fd34b4d996625f98f0ceb3fe14","bytes":375409}}
{"source":{"wave":216,"partition":0,"offset":216,"checksum":"1e509af996ce6ebc8d92792830da6919675dedf9dba0b916492a832285a5d1e8","bytes":375409}}
{"source":{"wave":217,"partition":0,"offset":217,"checksum":"6e2b40e4d79db23c055f5469c958d387d897bfcde3c9f28185fad93075704357","bytes":375409}}
{"source":{"wave":218,"partition":0,"offset":218,"checksum":"921cbc1ed2eebbdfe43a473dbd133ae633b5126aa884fce4b5a1d8813a5bc7f7","bytes":375409}}
{"source":{"wave":219,"partition":0,"offset":219,"checksum":"4836a6a3280204b95a38ee7fead0c0ef282b6b5122771287be0c94fdc2da160c","bytes":375409}}
{"source":{"wave":220,"partition":0,"offset":220,"checksum":"1d493157c384ef6d151855f3c74d971a405cfc25a9b62e4a5e1b5ffb307768c2","bytes":375409}}
{"source":{"wave":221,"partition":0,"offset":221,"checksum":"84f14528ed92f79f61a3134a0130d9ccaad3e44e7e1308cacdc1707193659d4d","bytes":375409}}
{"source":{"wave":222,"partition":0,"offset":222,"checksum":"e4f27420c8245c126ed81d262aa6d36bc70ccff17c371df45475d4feae5959de","bytes":375409}}
{"source":{"wave":223,"partition":0,"offset":223,"checksum":"7ead61d71d134bf4d17097a7da24ff75cedbebc3f101463e2d9e6bda4fde7324","bytes":375409}}
{"source":{"wave":224,"partition":0,"offset":224,"checksum":"0f9a2e14984e05c42cecde812c9b637dab9482941d46d6bd3859058b9bc5c94c","bytes":375409}}
{"source":{"wave":225,"partition":0,"offset":225,"checksum":"64a5e364bf903650cd74580787791745e149ef5c9d17ecd9e6209b62168004c0","bytes":375409}}
{"source":{"wave":226,"partition":0,"offset":226,"checksum":"e1f077dd4114a757a653862cbc2f4ebe4ebc09dbcdf25235ecf81ac73c0266f2","bytes":375409}}
{"source":{"wave":227,"partition":0,"offset":227,"checksum":"f5360e8d39a9bb618c7f638a2570d4849b412b485aee4b521e0b101794924e3a","bytes":375409}}
{"source":{"wave":228,"partition":0,"offset":228,"checksum":"76f0541fb646ea3e6dc4f3493569ddb455c54ae86f6320f406b8ac4dd4f9274b","bytes":375409}}
{"source":{"wave":229,"partition":0,"offset":229,"checksum":"29dacf7981218814c8ab0d1df56b3e5e829900e286b7679bc57c53bfbc878739","bytes":375409}}
{"source":{"wave":230,"partition":0,"offset":230,"checksum":"ef54e1414a008985fc72f397ef9f68285be4968ceae01f534e6278c32503a7f1","bytes":375409}}
{"source":{"wave":231,"partition":0,"offset":231,"checksum":"e2dbf64a96ff51399c7decd148dbd055c17f3528b181f9e5fa58a788110c589a","bytes":375409}}
{"source":{"wave":232,"partition":0,"offset":232,"checksum":"bf7d2c83c6b2222c6e41bf7a787b836158de79f42961cb9822a4783e251f0fab","bytes":375409}}
{"source":{"wave":233,"partition":0,"offset":233,"checksum":"855cfc0bef4a858198e5ebabfa23e79c7908f7dada9636f2b8eb0072d4ed1d68","bytes":375409}}
{"source":{"wave":234,"partition":0,"offset":234,"checksum":"25f97b9b776d2f2bcd5af6a60c9725a6723eb9739f4c028a4a8596082b553b88","bytes":375409}}
{"source":{"wave":235,"partition":0,"offset":235,"checksum":"73ae11d351f2d23b34ae8a70ebf67c6da428cb71b52016b839d7910e6b166168","bytes":375409}}
{"source":{"wave":236,"partition":0,"offset":236,"checksum":"d93ead9eb19c289755fe549bbd81b0de80758ca919e757d84916ab184e77fc05","bytes":375409}}
{"source":{"wave":237,"partition":0,"offset":237,"checksum":"14b079bcadccd9f96e433d65436450988b9100fe055523d015a39c72d8df1780","bytes":375409}}
{"source":{"wave":238,"partition":0,"offset":238,"checksum":"0d0847e51a20b53f5cfd9393a18a9dffb23f81cae1ef4ce6e23c801be2c92e40","bytes":375409}}
{"source":{"wave":239,"partition":0,"offset":239,"checksum":"86d0a38fcc0ba632575fb6a15d3148ec32316c61ad61cbaab496e425085418ec","bytes":375409}}
{"source":{"wave":240,"partition":0,"offset":240,"checksum":"a885a4faf68b1b1ee6cb452c0cb40875d92a1b8a3e7abfa6bff17d4a47271a54","bytes":375409}}
{"source":{"wave":241,"partition":0,"offset":241,"checksum":"fc3e446d2d1cb2c7ddaea4745983b165eb93f071dbdbb9ac4a2bcc032d23aa9c","bytes":375409}}
{"source":{"wave":242,"partition":0,"offset":242,"checksum":"9aea1a2c04d8b94fa9d20cded351e8414c1a44695a55295027ad666cc6ce8168","bytes":375409}}
{"source":{"wave":243,"partition":0,"offset":243,"checksum":"045a6709739dd9228ad19719225be0bf2b03f52fd56e0921878f144aca72664d","bytes":375409}}
{"source":{"wave":244,"partition":0,"offset":244,"checksum":"48be4c39fe4e19b5b17d6462973ad096e98154e2e7a63fe489230e98b2de2d70","bytes":375409}}
{"source":{"wave":245,"partition":0,"offset":245,"checksum":"f9dd10117de6d9e3952efe72f1ae1b87514c3ce7500fb141039e5f23ef89c91c","bytes":375409}}
{"source":{"wave":246,"partition":0,"offset":246,"checksum":"39ebb1b113f050185d45dc88e59745b45c0d13262ce915f3c2c7505c932c784d","bytes":375409}}
{"source":{"wave":247,"partition":0,"offset":247,"checksum":"5bec1937c90aa3c2283a7b4f6b592aebaab88a017878e6de5bf2c59ab8afee52","bytes":375409}}
{"source":{"wave":248,"partition":0,"offset":248,"checksum":"9502b5aa6be522fac88ebc9beb2db412600d7750730a87868208f3ce3fa6cc90","bytes":375409}}
{"source":{"wave":249,"partition":0,"offset":249,"checksum":"ec887e8ad15b49797929e0fd2e9be10d8ede354b01de7c4cb1d5824163d5b3ce","bytes":375409}}
{"source":{"wave":250,"partition":0,"offset":250,"checksum":"b56e4fa63fe0faabb2dfb2c6d6bd70d891bb8a4b829faa6a25500f53a315d955","bytes":375409}}
{"source":{"wave":251,"partition":0,"offset":251,"checksum":"6d5f8e6f10642baa1c304283cf8c99c11d81ba921350c77dee4608c6552c624d","bytes":375409}}
{"source":{"wave":252,"partition":0,"offset":252,"checksum":"8731b16eff60a4141b4b67b0ddee6b628a3b19db7b51007e18d076ddeb96f135","bytes":375409}}
{"source":{"wave":253,"partition":0,"offset":253,"checksum":"d35e9dbf474f9da2d15372570d1140ee0d1dc97356e4aaf1254032030025c955","bytes":375409}}
{"source":{"wave":254,"partition":0,"offset":254,"checksum":"b746eef2a9a902dd0d4159c46bfd8e4dc08d0d63aec17b935e3fee9254f8ea96","bytes":375409}}
{"source":{"wave":255,"partition":0,"offset":255,"checksum":"f73eab3351479ba8fab64ccd15ef510928f4b11207d56ebbe1de76054cec530a","bytes":375409}}
{"source":{"wave":256,"partition":0,"offset":256,"checksum":"214e89314e81e62210b2681b48c280a49a5fb83eaaedb927a0b6012140acc527","bytes":375409}}
{"source":{"wave":257,"partition":0,"offset":257,"checksum":"055681f42af3492d88904bff15f98ee2a12ee6119e1d749142b111c22a8f7104","bytes":375409}}
{"source":{"wave":258,"partition":0,"offset":258,"checksum":"44a3b0dff9e2cf0c9282705d7b1cf5a3ff1fc4e3507cdc1e784613de14c0e99b","bytes":375409}}
{"source":{"wave":259,"partition":0,"offset":259,"checksum":"e245ed9097b5ef6d379b0cf4da6c432441b27e241e0cb141a662f308fbd6a212","bytes":375409}}
{"source":{"wave":260,"partition":0,"offset":260,"checksum":"1b5154695d166ec64495aec0a6391ddb273a352655098cc3d35900a390690750","bytes":375409}}
{"source":{"wave":261,"partition":0,"offset":261,"checksum":"8def6e886f491caa44c71d087189d90861602e3bcd6f427c7d179eb4dae91aa2","bytes":375409}}
{"source":{"wave":262,"partition":0,"offset":262,"checksum":"1e027b0ddcbea6c907dfde64937adedfa127f5f4971e80117027e5d19afe5b68","bytes":375409}}
{"source":{"wave":263,"partition":0,"offset":263,"checksum":"4d717113d4bf7d41575d45a1c3badf5affcaf172e24df2095d0610e7c9e7cd35","bytes":375409}}
{"source":{"wave":264,"partition":0,"offset":264,"checksum":"1aace6e9b24822d30152e8bb5a99c45b7d66dc722b68f168466c8ac364ecf8aa","bytes":375409}}
{"source":{"wave":265,"partition":0,"offset":265,"checksum":"c07f189c8d42c7718bd29c207e859f23de4673b69260522ec9845ca1d109c131","bytes":375409}}
{"source":{"wave":266,"partition":0,"offset":266,"checksum":"a638f994428f90947d0cb4dce3b50f90e7cb0b85b19dcb782fe13f918a5ebe30","bytes":375409}}
{"source":{"wave":267,"partition":0,"offset":267,"checksum":"ff61670cb6002d08d45945da968e537709b7f4316b3334d489bf9a781704a725","bytes":375409}}
{"source":{"wave":268,"partition":0,"offset":268,"checksum":"c0a9dc844aba5b176086dca0bf3f611af3c28e0bcb397f4f229b93af647905f5","bytes":375409}}
{"source":{"wave":269,"partition":0,"offset":269,"checksum":"9ea00c0e1a4fc2c1f80c7d1a02edbd6be737361cbf6dda4c2adbefe0bf0000a2","bytes":375409}}
{"source":{"wave":270,"partition":0,"offset":270,"checksum":"9bca4f05ec483f0ec29a934cf0dbf72172bc0b3c3462e7c8697c7f9cc3a41d9b","bytes":375409}}
{"source":{"wave":271,"partition":0,"offset":271,"checksum":"2c27f60c8548b9bbbee68bfb46a8d9ad8b10418fa4f830be0175d5abacadf309","bytes":375409}}
{"source":{"wave":272,"partition":0,"offset":272,"checksum":"9de95c8b46936092796bfc8d1e084e91d5897c5c14eaeb48a7860f66f63dfbf8","bytes":375409}}
{"source":{"wave":273,"partition":0,"offset":273,"checksum":"f12ab7974f912c0a7354c2427a32c275b00cb374ff424ed0c21177e4b8c26060","bytes":375409}}
{"source":{"wave":274,"partition":0,"offset":274,"checksum":"94d0250300df22cf1d9d0b767b139264996f4cb0c5aef58133135fb5a60be11e","bytes":375409}}
{"source":{"wave":275,"partition":0,"offset":275,"checksum":"c4a96523d0dd691b82f83ab520cec84e8d3f02d204b92321c3bd5d1832ee8498","bytes":375409}}
{"source":{"wave":276,"partition":0,"offset":276,"checksum":"d7bfe61bc73b6dae850f21d17dd205eeb4ef5b0e9825ce460e8556f114fee5b2","bytes":375409}}
{"source":{"wave":277,"partition":0,"offset":277,"checksum":"9204680ae34abec19629d8e2c58bfaf37180bcc575a950fb5200b03020ca7f89","bytes":375409}}
{"source":{"wave":278,"partition":0,"offset":278,"checksum":"89cecb6f118576d6ebd90f6f7df7cb6285c8280f5903ae45bd2cfda4ae45fe85","bytes":375409}}
{"source":{"wave":279,"partition":0,"offset":279,"checksum":"c1e762f37bb45060ff8ac4f9eced2e00240fc25d0c45be8c2598339e4e3b9bcc","bytes":375409}}
{"source":{"wave":280,"partition":0,"offset":280,"checksum":"5995f069a7d97bc13960de7dd837409550aec07af56f2d8abf841754a42f175a","bytes":375409}}
{"source":{"wave":281,"partition":0,"offset":281,"checksum":"87a0b6531de7f390adf0f1aac0165e72403a3670c374d8ae0f56c659cfff34fe","bytes":375409}}
{"source":{"wave":282,"partition":0,"offset":282,"checksum":"9ff4bde42834893686a7b083307d5a15cc73d7161b669732556da7afdcc88b76","bytes":375409}}
{"source":{"wave":283,"partition":0,"offset":283,"checksum":"ae9fd0d3d7c24d770659a936587e0c5265a7f0fb501d7b45f082a0d7aeca6c6f","bytes":375409}}
{"source":{"wave":284,"partition":0,"offset":284,"checksum":"acb96e7be9fc007be3785f04c16004a244059bd688785298d3adf78db92efa69","bytes":375409}}
{"source":{"wave":285,"partition":0,"offset":285,"checksum":"05e219d8bc6274681ca5213343c87f38dfe6590248cb70a79e26eaae0fc96c93","bytes":375409}}
{"source":{"wave":286,"partition":0,"offset":286,"checksum":"8762edb4c0208e72dc0c6cb9f6352599806cc440c5d8fc739119347344c80dd5","bytes":375409}}
{"source":{"wave":287,"partition":0,"offset":287,"checksum":"bb4781bf0e285518498ba59bff0e1b063529108a72e5c8fa60adf49ccc8683ca","bytes":375409}}
{"source":{"wave":288,"partition":0,"offset":288,"checksum":"ed219b4451660cf2d75a5dbd001c9dd9e62fb988164a3166c5684f0b92ce9e99","bytes":375409}}
{"source":{"wave":289,"partition":0,"offset":289,"checksum":"f2b231413ae455042b5e7caeb2037dd9d74e506b5d8512ce370b521b2f728182","bytes":375409}}
{"source":{"wave":290,"partition":0,"offset":290,"checksum":"3c33941f1b8d73d32d032d1bc7eb0ebded567da2c6caa165f28f7ca4f44c0127","bytes":375409}}
{"source":{"wave":291,"partition":0,"offset":291,"checksum":"18ccd1831af15ec7ff2a53697a843b1b3818a513937b15bdecc60ac5018d5c51","bytes":375409}}
{"source":{"wave":292,"partition":0,"offset":292,"checksum":"58cd1de22e5871c02f9879e3accdb439197dc19625b7d17e8bc6938b7d6cfe9c","bytes":375409}}
{"source":{"wave":293,"partition":0,"offset":293,"checksum":"c03ca0ba2ee85e2967e17ec5830055936bfe130aeafa35e11c367eed519f1dcb","bytes":375409}}
{"source":{"wave":294,"partition":0,"offset":294,"checksum":"fb27208545b045d2633743478ee9481e1950311d431179e2101f80e8a2cb5b79","bytes":375409}}
{"source":{"wave":295,"partition":0,"offset":295,"checksum":"01f5c4831befccb83067c1261d372ceadcaf341509a76fe49a201d10e5bebed8","bytes":375409}}
{"source":{"wave":296,"partition":0,"offset":296,"checksum":"8b05292037dca3bafcf974a40634fb90748136e056507dccc13f47a68640a2b2","bytes":375409}}
{"source":{"wave":297,"partition":0,"offset":297,"checksum":"94ece9a70dcd296036e4aa15ccc45c32343635f4640ad78f56a7e6432f74bb87","bytes":375409}}
{"source":{"wave":298,"partition":0,"offset":298,"checksum":"cfa1652d9dddd5c70ed9e77879cd427634c773ddb13c38ce15fa0cca699b5cb5","bytes":375409}}
{"source":{"wave":299,"partition":0,"offset":299,"checksum":"59e074ef3b4f74c468afd3120322728e261c93bd2b2883df880617fd84e5ff2f","bytes":375409}}
{"source":{"wave":300,"partition":0,"offset":300,"checksum":"7026f4e2b4e039ec0cc554bc9264e31f56c7d2db2d1013e2b26cf17d777557a4","bytes":375409}}
{"source":{"wave":301,"partition":0,"offset":301,"checksum":"b561a4ede52adfea5583bde6c00cb94dd15aed00ad98578e1ef676f84b71fafc","bytes":375409}}
{"source":{"wave":302,"partition":0,"offset":302,"checksum":"5abcccbdca461f5e20f07a32cdb3e71013e7ed6d47641701c55ce4469a546279","bytes":375409}}
{"source":{"wave":303,"partition":0,"offset":303,"checksum":"312860b4f7208befbb14f6bebfd11db88149baf867c20a28f401f71b16ab3531","bytes":375409}}
{"source":{"wave":304,"partition":0,"offset":304,"checksum":"f9fffa966c1eddfa5076e0827ddb2a3717f34ce41334798eaa2b33fb02c2422c","bytes":375409}}
{"source":{"wave":305,"partition":0,"offset":305,"checksum":"614006f24895adb3b8460b0ac2af63ef6b00fd3e9ac94cb570376baa832ef5c3","bytes":375409}}
{"source":{"wave":306,"partition":0,"offset":306,"checksum":"7f037e58f6c1d67da3201ad7e3a24a20d19c17ac9febb6e508dbc5f61f9009a4","bytes":375409}}
{"source":{"wave":307,"partition":0,"offset":307,"checksum":"ba5db898a6965e0f416f9cbce1797e2b2be7705d6b674811b0c6cc529f763f5b","bytes":375409}}
{"source":{"wave":308,"partition":0,"offset":308,"checksum":"db217fc02fec6f78126e62e287fe5e7233417f975bb07f3df39afcb1e677f448","bytes":375409}}
{"source":{"wave":309,"partition":0,"offset":309,"checksum":"1d18307a2c395b0b231ed99c80c1f21caa14c20ee4171a79b77d523ad2f32b11","bytes":375409}}
{"source":{"wave":310,"partition":0,"offset":310,"checksum":"c4900961d6024fe67ba0937a21ffaa50d7b2fab8482842e354e532907afd5429","bytes":375409}}
{"source":{"wave":311,"partition":0,"offset":311,"checksum":"1e63367510ebd80b9412f2754672814491186140c76f76a45cfa15c3a390e835","bytes":375409}}
{"source":{"wave":312,"partition":0,"offset":312,"checksum":"739bd430b8be8e6c6cfd70b16733904bc2b712fffdd5855d6cbb2583133d0d05","bytes":375409}}
{"source":{"wave":313,"partition":0,"offset":313,"checksum":"a042cea27ffdc0ba66aa68b2308f65763d27688135d20c060595f3446b998364","bytes":375409}}
{"source":{"wave":314,"partition":0,"offset":314,"checksum":"7a40ac3379bc861343bd77cedf2c92c9716f4e85918320e7f508c966010336ef","bytes":375409}}
{"source":{"wave":315,"partition":0,"offset":315,"checksum":"30c32462a5796987f5f6302da5e3f106d4af2bbd3b11ff9c1ea515c25aa9b06e","bytes":375409}}
{"source":{"wave":316,"partition":0,"offset":316,"checksum":"d734b5491df5a9d1dd5dfc5078ff3fd0058bf75f6b6a7f6ce1c8d9c7ec7c1e7d","bytes":375409}}
{"source":{"wave":317,"partition":0,"offset":317,"checksum":"d4e6986bcb233d6de1956d5c3cd00317f9b99b9b3bfdc6b833456909d4feb31c","bytes":375409}}
{"source":{"wave":318,"partition":0,"offset":318,"checksum":"40c3cdc87f132cda8130762b846b5e34abd2b5f6a3fe1ce63bf4e23fd4e87b04","bytes":375409}}
{"source":{"wave":319,"partition":0,"offset":319,"checksum":"5650906bc7d496db83d669d5b08af1492c23c6132ed740bdd6acc2733987c764","bytes":375409}}
{"source":{"wave":320,"partition":0,"offset":320,"checksum":"41eed6b04ebda6ab8005bbd74ecaabceb50a9ff8cdccd16744aaab54539e32fd","bytes":375409}}
{"source":{"wave":321,"partition":0,"offset":321,"checksum":"415d774e15ae810aad954d1bf7d69d172c9f44c969b5047ca56db0f785a9f2f5","bytes":375409}}
{"source":{"wave":322,"partition":0,"offset":322,"checksum":"6f88665cbeefaa63406f84fdf4559e45e6d928c3cb0acb21e4da429219e92905","bytes":375409}}
{"source":{"wave":323,"partition":0,"offset":323,"checksum":"521f7541b97c87062fb6938bb5733530ab22f25c54aa3f87dbd1033129139e63","bytes":375409}}
{"source":{"wave":324,"partition":0,"offset":324,"checksum":"a4e67c3f965fc5035478f75170a08c0b1a23c2b119b2cc0013a979727694cc41","bytes":375409}}
{"source":{"wave":325,"partition":0,"offset":325,"checksum":"863f1171d10692d946ebf43870499411260b7be4c37ddd6fe7952cf7c5336649","bytes":375409}}
{"source":{"wave":326,"partition":0,"offset":326,"checksum":"71ce5e66a8a9989eef8c1110dfc65f7f3c8b014d5ce6d71a26498bb9e4d699a5","bytes":375409}}
{"source":{"wave":327,"partition":0,"offset":327,"checksum":"a3c6a68acd7d2ff1c742f6a1e0f4f0a6aadb89c639be8444ef092b3b1f44fbd0","bytes":375409}}
{"source":{"wave":328,"partition":0,"offset":328,"checksum":"d48f3c8c7c642c8de19eb8b6353a3452a910449ff4d138630cf3e6edb9ee878e","bytes":375409}}
{"source":{"wave":329,"partition":0,"offset":329,"checksum":"baa7d7aca7bff1f856a7fe41941ba3955a2e454a83af04dd216db5b4c0136f20","bytes":375409}}
{"source":{"wave":330,"partition":0,"offset":330,"checksum":"660da5036247479093bbaf66d117f3aecac12942a38dfa03c04006a215b4530d","bytes":375409}}
{"source":{"wave":331,"partition":0,"offset":331,"checksum":"0eefa8e6af1186f1f13a7f34e88b8ad301144eb4dbe7ef9ca96177e749e4a6a7","bytes":375409}}
{"source":{"wave":332,"partition":0,"offset":332,"checksum":"0f02a91570cd903e26106be2dad2ab5b8122d7933f26868481ad8dba5d2df5bb","bytes":375409}}
{"source":{"wave":333,"partition":0,"offset":333,"checksum":"67ba13fb1e1ff28c7d8362fc12d2430c9525a46749520ce9458d2cc76f5d6d44","bytes":375409}}
{"source":{"wave":334,"partition":0,"offset":334,"checksum":"595d2587f25c1fdf9fbb6615dca176addfa4a97f7084ea05fbb8d73d2898bbe8","bytes":375409}}
{"source":{"wave":335,"partition":0,"offset":335,"checksum":"9c5ff8d45d9fa3b13f32d6ce28501df459f38efdac89e250d2a0ad111ebfbdcb","bytes":375409}}
{"source":{"wave":336,"partition":0,"offset":336,"checksum":"11342f7c9fe811ce1cae1cd62f99dbc1361122852cc1b0365e654ecb9500bbce","bytes":375409}}
{"source":{"wave":337,"partition":0,"offset":337,"checksum":"731f44360acbb7093103248acd84676655a946e7ab13cc4dbd6704245831e296","bytes":375409}}
{"source":{"wave":338,"partition":0,"offset":338,"checksum":"33b9df04473ed564af8236c4229538087394bdcd83ff444a8a029555fa521432","bytes":375409}}
{"source":{"wave":339,"partition":0,"offset":339,"checksum":"40cb524b81f8c4209997e726bd2de846df7ee5b4dd39afdfe282b44eed0fac76","bytes":375409}}
{"source":{"wave":340,"partition":0,"offset":340,"checksum":"c6904d5cae1708ca3ec21ec0446a6a7837c963fe6cd7d9e422679bc2d8002f2f","bytes":375409}}
{"source":{"wave":341,"partition":0,"offset":341,"checksum":"65c6aa5b75e6fc9c8055db537707a862850592f9893f4c8746c4e2e801f3c31e","bytes":375409}}
{"source":{"wave":342,"partition":0,"offset":342,"checksum":"58ade3b056ff1f0eb25be0c7ffd0c236c618ef3c6d3f94227721c230f62b2038","bytes":375409}}
{"source":{"wave":343,"partition":0,"offset":343,"checksum":"93920ec6fa9dc9016a18c5e4b8d7429f3515a26c2591b878153b005030c8197d","bytes":375409}}
{"source":{"wave":344,"partition":0,"offset":344,"checksum":"3c1f21f69b602bee038cb7a6af3b33b55e4bb86d460f64d1beb0f2370ef609a0","bytes":375409}}
{"source":{"wave":345,"partition":0,"offset":345,"checksum":"da36b0c333bbcea34477f38c4b7521484c957fb0f6ac0abc63898d7659bf6b13","bytes":375409}}
{"source":{"wave":346,"partition":0,"offset":346,"checksum":"4b18ce9c06d0cbd5f6698ea0e52efcab6d0229ba4c2807608e4ddf32ee2e879e","bytes":375409}}
{"source":{"wave":347,"partition":0,"offset":347,"checksum":"3be388af6b3cced3784356b09d77567634de2aacefbd76dd320a97da5c228860","bytes":375409}}
{"source":{"wave":348,"partition":0,"offset":348,"checksum":"0b0a726cfdc221ba90d4805da7647dadef718dacb30d18bb713ec316a9e2a37d","bytes":375409}}
{"source":{"wave":349,"partition":0,"offset":349,"checksum":"5e1b73792b6b8d33b6a36643930b063d53b3863477009e81414d2c4823068fc2","bytes":375409}}
{"source":{"wave":350,"partition":0,"offset":350,"checksum":"07b46d24b285b94d280fb787bb0a9c06edbc7ab972084bfff3f8a11333afb501","bytes":375409}}
{"source":{"wave":351,"partition":0,"offset":351,"checksum":"f21d69c4baac6ceab7613f9137285799cc548526ef8814b3403d2e5353c3897a","bytes":375409}}
{"source":{"wave":352,"partition":0,"offset":352,"checksum":"07e8c2dcbc6dfcc19e7c9ef5efc31388544787468470eb67a8163fc17edf3e64","bytes":375409}}
{"source":{"wave":353,"partition":0,"offset":353,"checksum":"e0bb28a691eb5df0a549135290e0759d57ade963219caa4417f4dec9557a34b8","bytes":375409}}
{"source":{"wave":354,"partition":0,"offset":354,"checksum":"e18c5148022e87802965f8e378d9f1574984f43f7c9e86924ed69fc678b19b84","bytes":375409}}
{"source":{"wave":355,"partition":0,"offset":355,"checksum":"71286d106fa1fd31782b4b252e1dc65cbfa412c5c32bc09fba512b1343d39a75","bytes":375409}}
{"source":{"wave":356,"partition":0,"offset":356,"checksum":"79eaea57c177ed1ef119169bdbc6a882b198696d0a3b7d43d0e44d9511d19ad5","bytes":375409}}
{"source":{"wave":357,"partition":0,"offset":357,"checksum":"2f34a85603be889920c71ca2cf6ef8b45a8ac65987851cf8cc76b2cb39341fd1","bytes":375409}}
{"source":{"wave":358,"partition":0,"offset":358,"checksum":"b27e9d8c299a0c623e3a3fcf16e56b8ec1f83b0f1844bd2ce7066729fbf56187","bytes":375409}}
{"source":{"wave":359,"partition":0,"offset":359,"checksum":"e13ed614fe3833e2a15509338487f7ea28935a8b413b3167f04fa41d9daaef1c","bytes":375409}}
{"source":{"wave":360,"partition":0,"offset":360,"checksum":"435c25297824318736af377c4fc4485fba4924199f767d4e5755144ac9db58c3","bytes":375409}}
{"source":{"wave":361,"partition":0,"offset":361,"checksum":"db2eab4c67f827ee935dba11edc6089e93d57d24774820de8514674321384825","bytes":375409}}
{"source":{"wave":362,"partition":0,"offset":362,"checksum":"695329c5d3cc73dba5be8275e9c6a318cfd7a9d88a207e6c63636437e53253cc","bytes":375409}}
{"source":{"wave":363,"partition":0,"offset":363,"checksum":"9162421e9bc6b69dafe6e4b4fce1880a0c1b5a6db2be2ab3e98cae3eac2df49e","bytes":375409}}
{"source":{"wave":364,"partition":0,"offset":364,"checksum":"3fe17f9ba91f573f8f55a3eb686a18ba53fadc29f8801d8f9a1aa1a579e25fa6","bytes":375409}}
{"source":{"wave":365,"partition":0,"offset":365,"checksum":"9bd9b8fb60f9c34b4e39e5c74bb46a96cb4e389ae26891e9d63770f3eb88a95a","bytes":375409}}
{"source":{"wave":366,"partition":0,"offset":366,"checksum":"e5e0f79a9d46c77987871dc94bafb9d5be5138e4595b6f85d0bb52ff39218912","bytes":375409}}
{"source":{"wave":367,"partition":0,"offset":367,"checksum":"ce49c1d6c68416506bce15efbdc022c972e4f96fb5dfa9fa2daabaacc76bd14d","bytes":375409}}
{"source":{"wave":368,"partition":0,"offset":368,"checksum":"afcc7cb259c8b5135d4742e299da147814a5921e8f76180d8db36828e3127d49","bytes":375409}}
{"source":{"wave":369,"partition":0,"offset":369,"checksum":"f1a8a15fdd132dd0c16c726f06ad040f1d15ac50dd89deca67653b11c79aecd3","bytes":375409}}
{"source":{"wave":370,"partition":0,"offset":370,"checksum":"88c43769b07a26d9e68cb2fffff251c59c6c1346e5c4f917e5caa8ac1c6b7992","bytes":375409}}
{"source":{"wave":371,"partition":0,"offset":371,"checksum":"1b63a9151ec6d116883ce7f612400e98540665209652b93c7ba2e1d5426d98d1","bytes":375409}}
{"source":{"wave":372,"partition":0,"offset":372,"checksum":"5496771f6bfdc929cf9a47629b2930bcb0ca20e5571001645ba270ea9bbd2b35","bytes":375409}}
{"source":{"wave":373,"partition":0,"offset":373,"checksum":"53e36a44f5b7ee018f224dc21cc6f73991e36f81bf9054b6e640a9c47dceeeca","bytes":375409}}
{"source":{"wave":374,"partition":0,"offset":374,"checksum":"ffc1a443018af524465b14beb641a5b5da99429c990d3d706be3ad100978a96a","bytes":375409}}
{"source":{"wave":375,"partition":0,"offset":375,"checksum":"7378b75af1ed65f371f4c21c5cd5dfb73f3787d0961363b4bfa180ad58c3f8df","bytes":375409}}
{"source":{"wave":376,"partition":0,"offset":376,"checksum":"9d872161132acef970a72328bc076086a07f5aab1a81f0c2ebb2605f3142382f","bytes":375409}}
{"source":{"wave":377,"partition":0,"offset":377,"checksum":"0a07390acbebab9eabc47b2592f5322277553b80706653be302e1fcbb28f3fc9","bytes":375409}}
{"source":{"wave":378,"partition":0,"offset":378,"checksum":"ea30cbb8eedbe99691b02b57795200b10bfc4239430f338b71665d0c4f397ec8","bytes":375409}}
{"source":{"wave":379,"partition":0,"offset":379,"checksum":"59fb7e83ab28f349b7571b59541f66b1b06bb36d01197d49d70c417eef133799","bytes":375409}}
{"source":{"wave":380,"partition":0,"offset":380,"checksum":"71b425efb16f450e3083bb84b2a3d7e378ff6cbc6fc1080169e837514d7c3646","bytes":375409}}
{"source":{"wave":381,"partition":0,"offset":381,"checksum":"af9b98480f82a6e6e29fbe1ca2ced2ac22df10d8b97e3e45ebc78af5f8ab4368","bytes":375409}}
{"source":{"wave":382,"partition":0,"offset":382,"checksum":"ba13d0fefa154bf59ce957720c6cafef3d47ecb92c896a1a09e48da2c065add0","bytes":375409}}
{"source":{"wave":383,"partition":0,"offset":383,"checksum":"002eaa27138ba4bebceeb1c90d1d43813a8717d2ad0c3084e19c63a15cda0b70","bytes":375409}}
{"source":{"wave":384,"partition":0,"offset":384,"checksum":"a079f7ba6e2f7ecc610d65731b18d99ada5ef8836424d1bcd43c6422b138a073","bytes":375409}}
{"source":{"wave":385,"partition":0,"offset":385,"checksum":"f80d61b6b5c9e18ba307207fec3161f7e94a3bffdef2b9080329036068a07749","bytes":375409}}
{"source":{"wave":386,"partition":0,"offset":386,"checksum":"f5b749f42a0a0753828b0e298ee2f031391aa27682b3b152e8032349f0387997","bytes":375409}}
{"source":{"wave":387,"partition":0,"offset":387,"checksum":"2ef7e3611ef8e1d06c33ff294ae7a002e194d230fea34689fcb48c714bf6285f","bytes":375409}}
{"source":{"wave":388,"partition":0,"offset":388,"checksum":"d7857239d9edfddcc7ae4e10502598be22c72a3586c381014b921713fd0df88f","bytes":375409}}
{"source":{"wave":389,"partition":0,"offset":389,"checksum":"ba30cfa90d378b3fe5ff3c1ddf34c80f5e331a4d8cb0ae84bc2febba225659ab","bytes":375409}}
{"source":{"wave":390,"partition":0,"offset":390,"checksum":"65a7705a1ee704c5454ffae84a7122e7b38a26f083162cf0bbda45323826abed","bytes":375409}}
{"source":{"wave":391,"partition":0,"offset":391,"checksum":"92367294609db0ac92c0311056a90da9d61b1a59007b72e163249ce5ec71f6a0","bytes":375409}}
{"source":{"wave":392,"partition":0,"offset":392,"checksum":"1731fa1c779e5da9610d512541c64a99b49a2941b2fbfd80bab038731cc4d263","bytes":375409}}
{"source":{"wave":393,"partition":0,"offset":393,"checksum":"c93a99610cd0b074fe507e7d7c03b4e2702816da0e06212619db8f1608f0015f","bytes":375409}}
{"source":{"wave":394,"partition":0,"offset":394,"checksum":"e872348d06fb1e06ab6145f8b8d58b40a75f49a509d381938fc9ce90f557da40","bytes":375409}}
{"source":{"wave":395,"partition":0,"offset":395,"checksum":"40da74c6f5187cf7bab1ab30058fb6d9d626d0820e660b6b747f8c35cfb40663","bytes":375409}}
{"source":{"wave":396,"partition":0,"offset":396,"checksum":"5e4e1d5c3366e42d2c243ecab1350905c6465505abeb67ffd60dac40f8689fd1","bytes":375409}}
{"source":{"wave":397,"partition":0,"offset":397,"checksum":"3fd64d62d0caaf71eb0eae9b7b23138d1aeb9f8f886a4dc56cc7d9e50e8ba2be","bytes":375409}}
{"source":{"wave":398,"partition":0,"offset":398,"checksum":"2ad1cbd0cab2cbeae20e62a96b36aadf745058c6ba774647d521650daf49c78e","bytes":375409}}
{"source":{"wave":399,"partition":0,"offset":399,"checksum":"70405adf6824d63a5eb7d07cd4cc17298aa3c10e38aab644e1be4b368c4f7f4f","bytes":375409}}
{"source":{"wave":400,"partition":0,"offset":400,"checksum":"862f7ac68f18dde5477f79a98f2a9e019a478ab3946a907912f43d5ffe673fde","bytes":375409}}
{"source":{"wave":401,"partition":0,"offset":401,"checksum":"45d88dfb0843fdb29b741a802f21de6d4c4e122d18dda94996623d1ca78e24a7","bytes":375409}}
{"source":{"wave":402,"partition":0,"offset":402,"checksum":"e672e7542f6bd6b893918240f846b7f9dc9ad502f68d4eff7e06d26ceb904e8d","bytes":375409}}
{"source":{"wave":403,"partition":0,"offset":403,"checksum":"650e6afe1fe30851cc6c0e86e47c6455ef5e2314648f71b38284ed02aced9bfc","bytes":375409}}
{"source":{"wave":404,"partition":0,"offset":404,"checksum":"eae59892c7b88dc24eea757a5cadc7fb3a514354c2f491753cb6b12a02d4eadc","bytes":375409}}
{"source":{"wave":405,"partition":0,"offset":405,"checksum":"7a59900d25e84e603c112f6a0b0aea5554c62f09456f79dd0e499c864cfd93f5","bytes":375409}}
{"source":{"wave":406,"partition":0,"offset":406,"checksum":"fc3719dd66b75991702083713f390690763795530e7467ea6a983e7f22a74cc4","bytes":375409}}
{"source":{"wave":407,"partition":0,"offset":407,"checksum":"ff8ae3dc1408983683078bd0e3e37773c56e51c7ddac9fe7eecc09326f8144ba","bytes":375409}}
{"source":{"wave":408,"partition":0,"offset":408,"checksum":"056a8ffd7449c63786e74b922f61b0f6294bfc5a133bd251f5ac7b6139e5b65c","bytes":375409}}
{"source":{"wave":409,"partition":0,"offset":409,"checksum":"f8df4a56f0b5f030f178fc29bf2b4b6406b3375f9f8fea28108e15a476ef094e","bytes":375409}}
{"source":{"wave":410,"partition":0,"offset":410,"checksum":"996fb3e2d761e24d7e141d20f873ff08592f83d0893d984d7f6f9495f76219c4","bytes":375409}}
{"source":{"wave":411,"partition":0,"offset":411,"checksum":"494dece4db34535cf8acf2efdc000abbc7821ae1ceebfc8833a10c449fa36f2a","bytes":375409}}
{"source":{"wave":412,"partition":0,"offset":412,"checksum":"bf16ed3a2cdc79aae3bec3bec27399d8ce153fc1c7c7fa51c19c6eb81556392c","bytes":375409}}
{"source":{"wave":413,"partition":0,"offset":413,"checksum":"eb21c701e551fccf5cb5a1bc0f8249aa6afd7526c9818818b68874e01758bcb8","bytes":375409}}
{"source":{"wave":414,"partition":0,"offset":414,"checksum":"a981ed13f09d31ed35c9578e55e6dd5718b05283e2efd1bb1dadc8e7b118386f","bytes":375409}}
{"source":{"wave":415,"partition":0,"offset":415,"checksum":"b08860026ba06d4814422d1121007c73e8a67c36f8cdeedde6717dc37fc267c4","bytes":375409}}
{"source":{"wave":416,"partition":0,"offset":416,"checksum":"9494b913c2d69414532a30c1625d64541a4de5872b5eab60f3d73431956b92ff","bytes":375409}}
{"source":{"wave":417,"partition":0,"offset":417,"checksum":"9150e954b5ed3c4e4acddc2bbd17319e25c97382c9f79ebea1df966825c5cedc","bytes":375409}}
{"source":{"wave":418,"partition":0,"offset":418,"checksum":"7c3fcefcbaaa08d97e3e774029c22f816be83b4792a9db236be18b66e336a8b1","bytes":375409}}
{"source":{"wave":419,"partition":0,"offset":419,"checksum":"21fa6deda2b92d50026f92f0bbac63e3efca61907ffb76116dcd09223724da7c","bytes":375409}}
{"source":{"wave":420,"partition":0,"offset":420,"checksum":"03f591c8c0c02a87769ccb182c20f85b531dfcd7d3815d79d8c2d1ab4e7b7cf6","bytes":375409}}
{"source":{"wave":421,"partition":0,"offset":421,"checksum":"981b769053c7a53535ebb46994cf766b3e92c8ff6d09d5fb08310bc5705243be","bytes":375409}}
{"source":{"wave":422,"partition":0,"offset":422,"checksum":"c87cd36de79092a8d2cb4508b36463f18c887396b653c36170fc495e8ac6e832","bytes":375409}}
{"source":{"wave":423,"partition":0,"offset":423,"checksum":"eed82c80e6646feb0e0c829bb0e5fea41d121ded9dc2c765a397448f06772012","bytes":375409}}
{"source":{"wave":424,"partition":0,"offset":424,"checksum":"7108cedcaf4d28cab20ccf96f93bf152a6df165603d25762cea4ec0459aaef97","bytes":375409}}
{"source":{"wave":425,"partition":0,"offset":425,"checksum":"310211eaebfc8636bc9eab86ff5acec106e54ee8541176fe9eb0974372530484","bytes":375409}}
{"source":{"wave":426,"partition":0,"offset":426,"checksum":"198012933be5e5eef409776db6bccd7cf57453fd1b911a6482dda8c045bc25fd","bytes":375409}}
{"source":{"wave":427,"partition":0,"offset":427,"checksum":"9888a6d5e5e5b289a12b4e5ee0017fa10c6f97f1351f4f7dafcd91f13de0bfa7","bytes":375409}}
{"source":{"wave":428,"partition":0,"offset":428,"checksum":"29b1d98ba10a5bcaa977fe60314eaf0b394b104f927acb03e9613558e1e1cf32","bytes":375409}}
{"source":{"wave":429,"partition":0,"offset":429,"checksum":"a9415cc001e2dc2b57fb9f2fe1f851bc694799af04a9272a30d574ab6942ca34","bytes":375409}}
{"source":{"wave":430,"partition":0,"offset":430,"checksum":"4e36118f8d8b9ae8466120d7a3f6ef1bcce6bcdffc8280ab9a2b0a716cdcdb32","bytes":375409}}
{"source":{"wave":431,"partition":0,"offset":431,"checksum":"1d03a1ce3d85711f313656d7ff019678e625098b5761247830ec7ab64ca1415a","bytes":375409}}
{"source":{"wave":432,"partition":0,"offset":432,"checksum":"714bfee4e94a325ed43dcb2e6faebd0bd0d73a18606872c387b1fa2637e72f22","bytes":375409}}
{"source":{"wave":433,"partition":0,"offset":433,"checksum":"e27aa26e191be5f0a41ff64b382e6def68df06d7dc7262dd9ca642448dc020d7","bytes":375409}}
{"source":{"wave":434,"partition":0,"offset":434,"checksum":"92ad2239686f9f1b9ba9ed31ecb75a89452bf60930c5cf2552130243ee57f92e","bytes":375409}}
{"source":{"wave":435,"partition":0,"offset":435,"checksum":"ec8d949e0b52fae77b034f900d51db2c900ac1d0d490599aff2d55cca8177883","bytes":375409}}
{"source":{"wave":436,"partition":0,"offset":436,"checksum":"ebfdd94d851ee9499ff5e6a6b5616184ed4d87a15201582e04c644a228534b2c","bytes":375409}}
{"source":{"wave":437,"partition":0,"offset":437,"checksum":"d145d4501297fd8748ecdfaea1d2ccfbf781b9b28ed0c309291f635648322c24","bytes":375409}}
{"source":{"wave":438,"partition":0,"offset":438,"checksum":"efe64f88a5f4994e82bbeca1dc032e9536bfa85c9fe073d419b6d34c7e26dad8","bytes":375409}}
{"source":{"wave":439,"partition":0,"offset":439,"checksum":"afdd79adfcdfba5c56f0f274bb41e9d0506fc3ecddf68a75bc24426b5cba2c04","bytes":375409}}
{"source":{"wave":440,"partition":0,"offset":440,"checksum":"33d76f04ec701f999bd3f10441bba23926172c17fd182476db935898051803d2","bytes":375409}}
{"source":{"wave":441,"partition":0,"offset":441,"checksum":"fdacb20a0c60832ad4b150041efce4366eb812acf1e50fa7326515dbb1fd3c2c","bytes":375409}}
{"source":{"wave":442,"partition":0,"offset":442,"checksum":"545556270d379d26fe60141b30d9a2b7e2cff7d972a193682bb4bfc65bb58422","bytes":375409}}
{"source":{"wave":443,"partition":0,"offset":443,"checksum":"48455049a3916fbe1c4e0d132c0983d3b941db8e5c66d96f3ecf45c6dca0d144","bytes":375409}}
{"source":{"wave":444,"partition":0,"offset":444,"checksum":"039f9960afd98e1d9d3f4df99977a7c5ff3d317490c7203c6529ee8a7e467e3e","bytes":375409}}
{"source":{"wave":445,"partition":0,"offset":445,"checksum":"46031e1ca67fae593c3cf7908ee289f8e1a00ac6e3ecf5a32c032ab49b519058","bytes":375409}}
{"source":{"wave":446,"partition":0,"offset":446,"checksum":"8a2e78de3bca8111787704be08e73141774b8ecba968688d9ed2f8cf466accc7","bytes":375409}}
{"source":{"wave":447,"partition":0,"offset":447,"checksum":"36c94fe2e37123ec79e4be0ad06fda43b8401c2cf5634939ef2e6d3eb3671f1a","bytes":375409}}
{"source":{"wave":448,"partition":0,"offset":448,"checksum":"77210874d5330d21141b2adc9c69a7f9fdb37ba37efa9b2aee5e0c19b258cacf","bytes":375409}}
{"source":{"wave":449,"partition":0,"offset":449,"checksum":"1cb7bd933e44237a35902524ab5b76122762fd97c96c6a1d4755dfc90479dde5","bytes":375409}}
{"source":{"wave":450,"partition":0,"offset":450,"checksum":"01a79b32be488661245575256bc90dd97592f14bc386db90427a8fbfe458a674","bytes":375409}}
{"source":{"wave":451,"partition":0,"offset":451,"checksum":"7a860d88653b729623bb43a1a747b55cf2eff43ae397cfbd4191f1be6b99ac6e","bytes":375409}}
{"source":{"wave":452,"partition":0,"offset":452,"checksum":"87138eaf36e98ec6e637077d99d6f9c860966847b0d0c9b31c3a755f59918284","bytes":375409}}
{"source":{"wave":453,"partition":0,"offset":453,"checksum":"edaec379af6f0758ed049b68265f46fe3dc56a126d6de2bc7774bb89edcaf20e","bytes":375409}}
{"source":{"wave":454,"partition":0,"offset":454,"checksum":"a10137dc1cff36c2bd911da626d1c6b3d5676f889aa522f32a39075ff7c5f34d","bytes":375409}}
{"source":{"wave":455,"partition":0,"offset":455,"checksum":"32c58c735d76e83066e803623a310e7ec62f85458383ae8131b0ca6d5e3810a1","bytes":375409}}
{"source":{"wave":456,"partition":0,"offset":456,"checksum":"4ce65dcc4d34f315cad44f364c43c74eb7736b88102df0bf0c84457a2907d5f0","bytes":375409}}
{"source":{"wave":457,"partition":0,"offset":457,"checksum":"8f058c25ae150b4087624c14db2e3f1031a1b58501ed23b5b18e46f06360da79","bytes":375409}}
{"source":{"wave":458,"partition":0,"offset":458,"checksum":"adadee2370da3d0209424bd088ff8c0de7c39fdc2858e1bbe663307a7fbc5e45","bytes":375409}}
{"source":{"wave":459,"partition":0,"offset":459,"checksum":"1ae1561d25d7d62e821343856308492ef3e723797942b6d1e9eb40c046658c32","bytes":375409}}
{"source":{"wave":460,"partition":0,"offset":460,"checksum":"3cc61b87d2fe8666244a73076ee960b8f87a061aa9b7c3538352186e7f41dc7a","bytes":375409}}
{"source":{"wave":461,"partition":0,"offset":461,"checksum":"4e9398af7f244ac51d3128c07d6701ebf15499fde7b0208996721760c8122cab","bytes":375409}}
{"source":{"wave":462,"partition":0,"offset":462,"checksum":"fa88af79d704d3eb667938a1be7d8d469a490599d5e2db0b39d460269a20a4f2","bytes":375409}}
{"source":{"wave":463,"partition":0,"offset":463,"checksum":"7f4b6acc3148d6592d258dc88581b3223fa47fe833558c899b7db2d54dd70328","bytes":375409}}
{"source":{"wave":464,"partition":0,"offset":464,"checksum":"2de23062c6efb8caac7621977dc4af4145126a6855baa5e254ba5299cf3586f4","bytes":375409}}
{"source":{"wave":465,"partition":0,"offset":465,"checksum":"4edc04d69de80bbf4eaaca59db2d80e10d0d53a2facd7d99d080b1826f515f0c","bytes":375409}}
{"source":{"wave":466,"partition":0,"offset":466,"checksum":"3539d7212121bc1ed2310cb099474b038fff1c02316da949f2d9b7c2a29314a2","bytes":375409}}
{"source":{"wave":467,"partition":0,"offset":467,"checksum":"16938bcec596198da6e0a54757b4c1a16ae2d51f89d426b2f3557c02f574bc2b","bytes":375409}}
{"source":{"wave":468,"partition":0,"offset":468,"checksum":"a08fee25a8f652deb8670dbe780b56bab010d4a8882f6fb8e2a20285c5f98d10","bytes":375409}}
{"source":{"wave":469,"partition":0,"offset":469,"checksum":"79f236955041c421769f456f50d65c6ab3bee8bdb6b1b0a650f5ce2174ac1c78","bytes":375409}}
{"source":{"wave":470,"partition":0,"offset":470,"checksum":"6b76df4ef63b6d791eba6b3cc6fd7bd5fafbf09511f86d29ac02667fa8470303","bytes":375409}}
{"source":{"wave":471,"partition":0,"offset":471,"checksum":"23fdad2bbdfe528126ac4cba42e3943cb1185eaff7a34a3102d03cb52b227f56","bytes":375409}}
{"source":{"wave":472,"partition":0,"offset":472,"checksum":"c8822183b01e1fcc3a86b8c911e0d059d0bc933198cc714d38595b1c5868582b","bytes":375409}}
{"source":{"wave":473,"partition":0,"offset":473,"checksum":"27f0de78233ea66be3bdb865c6be9d54c9944af402babefe2aa6c98ebfbc7c04","bytes":375409}}
{"source":{"wave":474,"partition":0,"offset":474,"checksum":"c7b19f0a4ca4851faddbea925b03861a9b24ef68e085cf90f72cbf1491360a81","bytes":375409}}
{"source":{"wave":475,"partition":0,"offset":475,"checksum":"33475d88dc612b73af4f75ce8fcf9fab4a2b97ba0357ec52b1774d203a6186b1","bytes":375409}}
{"source":{"wave":476,"partition":0,"offset":476,"checksum":"57aba72f3d82123ca4bcb38dbfbd4c83422f0c6794cd998760566af6c531649a","bytes":375409}}
{"source":{"wave":477,"partition":0,"offset":477,"checksum":"3484957ada3fb8dd7efe2f32e3749d0e32175adcf836a6537053863724424465","bytes":375409}}
{"source":{"wave":478,"partition":0,"offset":478,"checksum":"57797b6e657151a3acf95190a63b99610238937d779e980c35045b5e25fa9b08","bytes":375409}}
{"source":{"wave":479,"partition":0,"offset":479,"checksum":"82d3305bfc31b56fd3742366e9bd2bcaeee8b3aec6b2ca78bbb218f709ad0853","bytes":375409}}
{"source":{"wave":480,"partition":0,"offset":480,"checksum":"b76b7b23b1ce531ea42e111ad603618ee0b7bcfccdee72c130908741194f299e","bytes":375409}}
{"source":{"wave":481,"partition":0,"offset":481,"checksum":"8e95158e6a2a5ea078d3ad4e198e83a67ce61595785be7e262c308d17bdc538c","bytes":375409}}
{"source":{"wave":482,"partition":0,"offset":482,"checksum":"ea8002a55aafe620bcb6e16173d063bd20abe6174e31d9e2c14c1d1648583ab8","bytes":375409}}
{"source":{"wave":483,"partition":0,"offset":483,"checksum":"e3905cd68958fa6bbdd5dadcb5d3a633372707d134a663ce81ce38866dfb9926","bytes":375409}}
{"source":{"wave":484,"partition":0,"offset":484,"checksum":"2bcf92536f9ea63dde3e73508fe532af4cfcf3cbcec56d2cc6d244283836aa5c","bytes":375409}}
{"source":{"wave":485,"partition":0,"offset":485,"checksum":"54287d2690288a6a2b9f7547ff08c4f96c3ba39f35b4b5da396d6df59233a5f0","bytes":375409}}
{"source":{"wave":486,"partition":0,"offset":486,"checksum":"11004ffd7bb3b16fc2f792ebeb7ecde43f3efb3a5cbadfb227825f37ae451380","bytes":375409}}
{"source":{"wave":487,"partition":0,"offset":487,"checksum":"eba100ab17a5f9ed260bd0a473964c34d152328fdcac0f8ab2462f907560e626","bytes":375409}}
{"source":{"wave":488,"partition":0,"offset":488,"checksum":"93f9d9f04fa64c815c91f61ac0702749b354a6a1f67f6c1c66d8610d658a9fad","bytes":375409}}
{"source":{"wave":489,"partition":0,"offset":489,"checksum":"8fc7cacc547e7de27c2c69fb8bf88a2a4e8cb1ed283869e87949cbc5425e5b71","bytes":375409}}
{"source":{"wave":490,"partition":0,"offset":490,"checksum":"f15d340fd6b045f0c2efe765ca7caf3601fc0d36c8759a3aed39f8a9e685e075","bytes":375409}}
{"source":{"wave":491,"partition":0,"offset":491,"checksum":"f3360f317f167bb299282a94c4b7e17937576a3f6df68db5e2aea1017636f891","bytes":375409}}
{"source":{"wave":492,"partition":0,"offset":492,"checksum":"59ea3092a275a098ca49890fb7b2064d42a8934bcd5f2b55db1f2f54f8aedc33","bytes":375409}}
{"source":{"wave":493,"partition":0,"offset":493,"checksum":"5088212b1b9fb8034525eece848d23c2196e98548ee0b7b468ec90e122d4dfe5","bytes":375409}}
{"source":{"wave":494,"partition":0,"offset":494,"checksum":"90f3e881d3371cb1ee902ee92d821f8cb04e82becfe9ab746f70d5c500fe247b","bytes":375409}}
{"source":{"wave":495,"partition":0,"offset":495,"checksum":"1d10eaa2a9d397445e2526ec4688901858293bf6f3c12fc7b2877f4580df1d8e","bytes":375409}}
{"source":{"wave":496,"partition":0,"offset":496,"checksum":"1472ff4035d6d18b4dff2a2688e084d57943dfe4d53c278ebb0b6157f818b0b2","bytes":375409}}
{"source":{"wave":497,"partition":0,"offset":497,"checksum":"cdf8b7adbc6d760fed95e7e716f95b2b1f12606e53c5b883f8264fff25d3263a","bytes":375409}}
{"source":{"wave":498,"partition":0,"offset":498,"checksum":"e2e5af41e0ff78561b862088f1a0c47367b145d9fe183a4095cc151ca7c5c26a","bytes":375409}}
{"source":{"wave":499,"partition":0,"offset":499,"checksum":"3ae5ec5ea0f1befea9f7b79ad780c92543d6eb24f7ad8dc49e50e9798b0e178c","bytes":375411}}
{"source":{"wave":500,"partition":0,"offset":500,"checksum":"0789595511dcdce5907e961c34fd62a4d9ce7cd580a512b770709e0af97190ed","bytes":375611}}
{"source":{"wave":501,"partition":0,"offset":501,"checksum":"f97ae07944300f5e89bf22c4c05ddeed8c74bba5eaabda9528dda57eae608635","bytes":375611}}
{"source":{"wave":502,"partition":0,"offset":502,"checksum":"049256a0a70774cf1acd0e20a6731a3a6e45439cf5856f279422ed9bc03c17f4","bytes":375611}}
{"source":{"wave":503,"partition":0,"offset":503,"checksum":"7da7c4189956c30c6d90ed0596974b5c24d4d607b1ea1234b98295f593444e5c","bytes":375611}}
{"source":{"wave":504,"partition":0,"offset":504,"checksum":"db6c388588b8a75c0b9a45f2ad2ac03b934be196c1ea4abd7a880599d68deee4","bytes":375611}}
{"source":{"wave":505,"partition":0,"offset":505,"checksum":"53d56e8d73059f79a2c51edc22923109fbea35c1b655ca152062a841ea26c32f","bytes":375611}}
{"source":{"wave":506,"partition":0,"offset":506,"checksum":"02e3f74de43cb04a522d57777bff0f66ddddd4bfc9b8e4a9f64ca59e43e3409c","bytes":375611}}
{"source":{"wave":507,"partition":0,"offset":507,"checksum":"198c36bf62973d1501a162a1f4c18a993d80da47fd97bb3848ebcd9502c406dd","bytes":375611}}
{"source":{"wave":508,"partition":0,"offset":508,"checksum":"376f933ade6a27953812a4428b6db4133d9b4db16af11845eeaa0e5cae3ba4c9","bytes":375611}}
{"source":{"wave":509,"partition":0,"offset":509,"checksum":"ce8bf52a443998a94e4af5e16f39ad65cdfe204d18aaa9fedae8c5ad6dc26891","bytes":375611}}
{"source":{"wave":510,"partition":0,"offset":510,"checksum":"9e7689dda7834771049b8672b093a31812b70eade0986b71192de25a0b8e107c","bytes":375611}}
{"source":{"wave":511,"partition":0,"offset":511,"checksum":"da0088cbd821763b1f9c8d6d1c20c7b3f8e8bb0eeabe393cfba4c4a628f7f7da","bytes":375611}}
{"source":{"wave":512,"partition":0,"offset":512,"checksum":"2944d282dd6dcd1f2615d40c817eb90732ab64ff066631e2f7af41b301d6be7b","bytes":375611}}
{"source":{"wave":513,"partition":0,"offset":513,"checksum":"48a153e5c0adc0cc9c86f62822bb0a41b9520c4bf2d73687c3c368539a7bf505","bytes":375611}}
{"source":{"wave":514,"partition":0,"offset":514,"checksum":"2da0f22ef01fd8de777a36a18fceb4c5b71483c54b772f49a3ce92cb47ee519e","bytes":375611}}
{"source":{"wave":515,"partition":0,"offset":515,"checksum":"55138478156847c01bb34b42d6c05a17177320f5da1a8d88191a7212705fc748","bytes":375611}}
{"source":{"wave":516,"partition":0,"offset":516,"checksum":"8de5f099b24c64ef82f0727131f11594d3f1d469f5037744c9d69ea79940eb34","bytes":375611}}
{"source":{"wave":517,"partition":0,"offset":517,"checksum":"21eaf5d61095693c71282246d29352c84309b9dd586e23fe0ad7bd97f0f46358","bytes":375611}}
{"source":{"wave":518,"partition":0,"offset":518,"checksum":"26f4f44c703657cd32311f8df5906688bf21262d4c57f2fbb41386195e890222","bytes":375611}}
{"source":{"wave":519,"partition":0,"offset":519,"checksum":"8758c5423b13d26395de7fdac683ca91bcbecf8e43ed064ef9bd6bade0b9627a","bytes":375611}}
{"source":{"wave":520,"partition":0,"offset":520,"checksum":"7f28a9753667f8bf068af764f7aadd9eb067870fb421793ae3b8772a0b3fb443","bytes":375611}}
{"source":{"wave":521,"partition":0,"offset":521,"checksum":"bf2580379c92885e758dc08d87126cbec6042f59a6d694963dc2f65b9775765c","bytes":375611}}
{"source":{"wave":522,"partition":0,"offset":522,"checksum":"4f74fede475a231b1d5549f7433d2b666112b7feea0fc85c160302f554af9134","bytes":375611}}
{"source":{"wave":523,"partition":0,"offset":523,"checksum":"308faa0271e3fe09964a1c449914463e8536a9a2b26869a6fd2b2eb34bcff172","bytes":375611}}
{"source":{"wave":524,"partition":0,"offset":524,"checksum":"9f37fe455153d82632dc211496c70a2d6f5fe0eb0e9d6ebf8fb675fe1ad607e3","bytes":375611}}
{"source":{"wave":525,"partition":0,"offset":525,"checksum":"fdd3dd20b1703e771d158fd38ab9b1745c2dc709770fe09bf34d0f854037d61f","bytes":375611}}
{"source":{"wave":526,"partition":0,"offset":526,"checksum":"17eab075b9db7d16d88a6dc422ffdeab5bdc75e9c652b7814ee6fdb9eeedb52f","bytes":375611}}
{"source":{"wave":527,"partition":0,"offset":527,"checksum":"ab1545a058d21013cde68be3069db3956bbc9ddf1421a78b0c6692d49a6e5944","bytes":375611}}
{"source":{"wave":528,"partition":0,"offset":528,"checksum":"c336cceb94719f94604cae367077f8d8a43a899b7971f3e920d995d494629542","bytes":375611}}
{"source":{"wave":529,"partition":0,"offset":529,"checksum":"90fa6b8ef580b3acd689a2f080314aa480af254360bc540b1414f2dbc7e69ce2","bytes":375611}}
{"source":{"wave":530,"partition":0,"offset":530,"checksum":"7bea80b5d510ea55115614e191ba516c4cc1934ff5d5678531dd1eba588922ed","bytes":375611}}
{"source":{"wave":531,"partition":0,"offset":531,"checksum":"09925769eb290d642e9c6ba99dca016034c03c5d208eec393c92ae7ee88a241d","bytes":375611}}
{"source":{"wave":532,"partition":0,"offset":532,"checksum":"841a00bfb2b26ab972b48af470d033a2a7603f74f903af09948d49b6d901d538","bytes":375611}}
{"source":{"wave":533,"partition":0,"offset":533,"checksum":"a41e0eeadc42f4715e3373319a5bc4c09733f6fbb412ccd0999b6d527a8af083","bytes":375611}}
{"source":{"wave":534,"partition":0,"offset":534,"checksum":"458ea030febeb49bacabae86d66836176655e4edb65e79c5239d117e4a43c07d","bytes":375611}}
{"source":{"wave":535,"partition":0,"offset":535,"checksum":"a956295988ec7113dfcc64aff52edac82e29b6dfea1bde019124d6bea8ec3694","bytes":375611}}
{"source":{"wave":536,"partition":0,"offset":536,"checksum":"34ac51dd6718d53c64d9ad4b4cbc45781bdcb9a1affd5295df53d084e6e1ae39","bytes":375611}}
{"source":{"wave":537,"partition":0,"offset":537,"checksum":"7d734e6c0b79e7b5ff6974332314b7767165fae83febb53d2b7c2eb20d6731ef","bytes":375611}}
{"source":{"wave":538,"partition":0,"offset":538,"checksum":"ca7328c48b134989a366b80e88521f346820952de2682bc0d42c337c2d3a7370","bytes":375611}}
{"source":{"wave":539,"partition":0,"offset":539,"checksum":"68663a74aee13d675ac3bba0a6fb1273a767f9d54c23c8b35159c52a4d3d3508","bytes":375611}}
{"source":{"wave":540,"partition":0,"offset":540,"checksum":"0399fa6a5488bdcffc1984618ac8253de8359b8a2b19ebf0e72748bdb4c1d1f6","bytes":375611}}
{"source":{"wave":541,"partition":0,"offset":541,"checksum":"36b1670981ce605c09ac5987c489bb5f951fc5dadd5f009a94f5c5fa10977edb","bytes":375611}}
{"source":{"wave":542,"partition":0,"offset":542,"checksum":"dcefaa0c3f5d80bdee36ad05200ddd5de03590359ded83df4f9d8912d970bd5d","bytes":375611}}
{"source":{"wave":543,"partition":0,"offset":543,"checksum":"9926e83da273b0ef61aa16c69d371bd4d1b31b02d01754f043ac02d5c3a54f01","bytes":375611}}
{"source":{"wave":544,"partition":0,"offset":544,"checksum":"57e2d8c4af6e2e7c95aa36428217281582fd37bc80c49d195e812b4e2a56624e","bytes":375611}}
{"source":{"wave":545,"partition":0,"offset":545,"checksum":"d9213e252b93a5838d2f8fb8b5cfa259bcef2973bcfadbf33f5b52236646b79e","bytes":375611}}
{"source":{"wave":546,"partition":0,"offset":546,"checksum":"0ba3a9e5245ad4acc1665381eecf9aafba7421d8a1e68b3a4e0000dbddbe051b","bytes":375611}}
{"source":{"wave":547,"partition":0,"offset":547,"checksum":"f257e00818cb0e1419cd9fae50a762e3b703263fe1360df3851c313a04fbb7c2","bytes":375611}}
{"source":{"wave":548,"partition":0,"offset":548,"checksum":"9dc219d40f111adb5d2c48630b38328cd2dbf905b8ac3b0c4525f3b17fca42cb","bytes":375611}}
{"source":{"wave":549,"partition":0,"offset":549,"checksum":"f2e5d130ce73f24507554d0590320a764982eae6d54913ba149afcab24223f9d","bytes":375611}}
{"source":{"wave":550,"partition":0,"offset":550,"checksum":"5852298ce534ccf279be4974a01d8985fc9df0eb71ba136f20dfa61220fd3b0d","bytes":375611}}
{"source":{"wave":551,"partition":0,"offset":551,"checksum":"6a8345c204ec693250a0d77b28a9892b36458304e0ac57a5c622e182333ff39c","bytes":375611}}
{"source":{"wave":552,"partition":0,"offset":552,"checksum":"620e0dd5b18d580efcd7509493be47627bb32a25ed54fc4513cec26129432798","bytes":375611}}
{"source":{"wave":553,"partition":0,"offset":553,"checksum":"18d7078b54edfc02bd0efa483e06dc18cb88d24932be68cbca6e4939a5696160","bytes":375611}}
{"source":{"wave":554,"partition":0,"offset":554,"checksum":"7560019790d20c65883fe85cddf0c219a9c2ce6542501269e86c113e03941bf6","bytes":375611}}
{"source":{"wave":555,"partition":0,"offset":555,"checksum":"041854e31dee0c3cc1876e0cd9b6dd2fa3644f386c3d647707287c9f75a57e46","bytes":375611}}
{"source":{"wave":556,"partition":0,"offset":556,"checksum":"44a1e882024aabc5ee0358f940eda84eb2d7b8ee35fd00029d23d10b539542a0","bytes":375611}}
{"source":{"wave":557,"partition":0,"offset":557,"checksum":"3754643a60899c186948d5288bbda148973a86f2e540c9ebd961909a055023d9","bytes":375611}}
{"source":{"wave":558,"partition":0,"offset":558,"checksum":"96471a78697a8700f5ba6a269c5ed78908eab5601932fa6941de4c7f3786cc32","bytes":375611}}
{"source":{"wave":559,"partition":0,"offset":559,"checksum":"3b94d08f4af9048e946cbd9490449467afe4441a77b88a39d1a90d10c7725e56","bytes":375611}}
{"source":{"wave":560,"partition":0,"offset":560,"checksum":"90b192980075f90e258cdac0e3a8e7d5108f678a26f0a5aa51f2bf2fcd64ac80","bytes":375611}}
{"source":{"wave":561,"partition":0,"offset":561,"checksum":"d7a0af76c36c9643eb08eaa946265e5444da0fea1d7536ce47fd373505c8a55e","bytes":375611}}
{"source":{"wave":562,"partition":0,"offset":562,"checksum":"447b37133d483440bf921f4d564c79310cd260e559dc992e7760d24b63b35edf","bytes":375611}}
{"source":{"wave":563,"partition":0,"offset":563,"checksum":"5ad63edcbf04e405eb1331741da1d95b25e8bfa2f62848439d5a341919b3e640","bytes":375611}}
{"source":{"wave":564,"partition":0,"offset":564,"checksum":"051c26a2e5f22d9f2dc38d494ca7ef64f6d6eb534554589166a496dacaf96c25","bytes":375611}}
{"source":{"wave":565,"partition":0,"offset":565,"checksum":"6838792eade76f4b2b39637767b13bfc9e036856a5a2cbbcabb41fe2a973830e","bytes":375611}}
{"source":{"wave":566,"partition":0,"offset":566,"checksum":"1cd952fc5b61ce8c9fac500edc724f4a1547ba700d5c59e5c12d8ff3ec735a48","bytes":375611}}
{"source":{"wave":567,"partition":0,"offset":567,"checksum":"d976cfb6ee43897d3c53ec2deac0d02f63c276f8d7ac10570e45eeb56212dd7a","bytes":375611}}
{"source":{"wave":568,"partition":0,"offset":568,"checksum":"b00a563354a2ed2e2b51c56fb3429755ac4ff3d5b974e7b57e9ddb05f4a60ec2","bytes":375611}}
{"source":{"wave":569,"partition":0,"offset":569,"checksum":"0cd04e49e863b4ffd331e4de5ce1a6498563b905be52153d81991169b1c0e99c","bytes":375611}}
{"source":{"wave":570,"partition":0,"offset":570,"checksum":"1e20571a5b5edcee11fa14f3ae688a73f3eeb2f704d342591a0549ce52e9fd11","bytes":375611}}
{"source":{"wave":571,"partition":0,"offset":571,"checksum":"16b9856ff05d407e876f9e0fd1253deb8397ef7057d881e17737ed43cfe95a23","bytes":375611}}
{"source":{"wave":572,"partition":0,"offset":572,"checksum":"c3dbf6c77828ebe50f9e2202951744afc644afdef071b3b77c1b30732c6e1eb2","bytes":375611}}
{"source":{"wave":573,"partition":0,"offset":573,"checksum":"e0475657a207bfb124a4dc01652a5b4e1c4d9b717e3fdf8d5475a79484a33e27","bytes":375611}}
{"source":{"wave":574,"partition":0,"offset":574,"checksum":"4b779365cb7421764106d4d83bf524e9e39b55d72d2ca609eea12843cab82bfb","bytes":375611}}
{"source":{"wave":575,"partition":0,"offset":575,"checksum":"6e8989d531d403d30ff1cc2f2fbde61ad241d62dee678ef27697a9af6b10a67f","bytes":375611}}
{"source":{"wave":576,"partition":0,"offset":576,"checksum":"86d9e38c1468a124543c31e0e2d87df57114033d95eedf5efbb36f16bd9a30de","bytes":375611}}
{"source":{"wave":577,"partition":0,"offset":577,"checksum":"9496c57f0e2ef8ee33537516829fdd534652354ff6286e7e738bcb59858646f0","bytes":375611}}
{"source":{"wave":578,"partition":0,"offset":578,"checksum":"eed8f12e389406f5552289d63432c58622718ca879161f85af00d76037b5bb73","bytes":375611}}
{"source":{"wave":579,"partition":0,"offset":579,"checksum":"d37ee64f9fcb60ad8d1ef1ae8d1699612ca9e726a1348673339ab480bddb71ad","bytes":375611}}
{"source":{"wave":580,"partition":0,"offset":580,"checksum":"66e96ed7c971c185150464c936a35692f4175fbb60c2a1d424fbd3dca98e4b80","bytes":375611}}
{"source":{"wave":581,"partition":0,"offset":581,"checksum":"4b47375b12aafc2d5be5bd445deb0cb3dbf62b883d9f23bd6d051b90a2f5606e","bytes":375611}}
{"source":{"wave":582,"partition":0,"offset":582,"checksum":"1aced1e49d57258e4b5cf7b6e6b7ce40262a21163d52201d3babb6816dd41eaf","bytes":375611}}
{"source":{"wave":583,"partition":0,"offset":583,"checksum":"03d2b4601b372a86bf8aff8e407031734134b4ab015c11ccaa3af34c48c46783","bytes":375611}}
{"source":{"wave":584,"partition":0,"offset":584,"checksum":"1d24bcb6fc2d1e735a71bb8af86fab5c10629fcdf73eda49a955e2366db77537","bytes":375611}}
{"source":{"wave":585,"partition":0,"offset":585,"checksum":"2f3384298040c2e6fab3b711e82d483fee6005f185c3c32e7f44f43d9f338439","bytes":375611}}
{"source":{"wave":586,"partition":0,"offset":586,"checksum":"b5a5fd837177af791c258974cb660b03db4cf6a8dbec54a9f16bc58abc0c40fc","bytes":375611}}
{"source":{"wave":587,"partition":0,"offset":587,"checksum":"a39106500539f52965ab97adf034883d91928687fca314a2a2b6c5f6b600e0fb","bytes":375611}}
{"source":{"wave":588,"partition":0,"offset":588,"checksum":"2f7a70bde679b68ab902aaad6bc8a99677fd8f0b7d7e6770b941518d259d088b","bytes":375611}}
{"source":{"wave":589,"partition":0,"offset":589,"checksum":"f6fc979ebfb986d2e0fd041ef2f35ea3cdbb0745e6673e15c8292f5795fbbd66","bytes":375611}}
{"source":{"wave":590,"partition":0,"offset":590,"checksum":"57961229e76fcc4f549428625ba9a12908efbde4f868aa5c753bee18c1024a7e","bytes":375611}}
{"source":{"wave":591,"partition":0,"offset":591,"checksum":"481f635f44575af0459d87f421407b6bcfc0c25ae086fdbbbf89f36036747490","bytes":375611}}
{"source":{"wave":592,"partition":0,"offset":592,"checksum":"60d3df850ad7e64613e47d7413f4aff92eff86b8c85228283c2e984850e27691","bytes":375611}}
{"source":{"wave":593,"partition":0,"offset":593,"checksum":"426348f204e09792d5cf1f9fe6b53c57bd0a4f3f7a71e8a2f5ce4e5206f9dbba","bytes":375611}}
{"source":{"wave":594,"partition":0,"offset":594,"checksum":"21bd02b03e2c7bbb34395c0e9d663a57ccd1e811a3116c30a7f934f01f4313ce","bytes":375611}}
{"source":{"wave":595,"partition":0,"offset":595,"checksum":"005e511939572a8c574fe7dc5d91670efcba54056795363a2a2fb2be692c0829","bytes":375611}}
{"source":{"wave":596,"partition":0,"offset":596,"checksum":"325cc3a064651b568f12198b5436e2a82b63c2c3f09f634dd71f6990f9eef3ae","bytes":375611}}
{"source":{"wave":597,"partition":0,"offset":597,"checksum":"1225708c83c6f675665c7bbbbb20e019b9f5ba15049a945cedd212fd70b5b113","bytes":375611}}
{"source":{"wave":598,"partition":0,"offset":598,"checksum":"8426f7b495ddfbd82fa64b92034257f088b684d6714e2031842b28b06e5ebbcc","bytes":375611}}
{"source":{"wave":599,"partition":0,"offset":599,"checksum":"3dbf2b1bdc4b0bbd129a201e65122b720ec343b586e88864df15f24152504f76","bytes":375611}}
{"source":{"wave":600,"partition":0,"offset":600,"checksum":"24028814df43a2da8f5e51eb207e63a1de46e51730ffd30dae93cdd188bfc1ea","bytes":375611}}
{"source":{"wave":601,"partition":0,"offset":601,"checksum":"bcfb33a2aa25d174d94bf4c04511bea3571d205e6bcb633f1f6ea9355094144d","bytes":375611}}
{"source":{"wave":602,"partition":0,"offset":602,"checksum":"4773bb2da6b70c46b364e6dfab0716d8a60b93fe18a3ac5b29eedade1f5038e7","bytes":375611}}
{"source":{"wave":603,"partition":0,"offset":603,"checksum":"e5f0c601b0db8716ed9948721a2f084758154622838b03170722e8cfa114036a","bytes":375611}}
{"source":{"wave":604,"partition":0,"offset":604,"checksum":"fbb1cbd2a5b29a9de7e858eac705f60bdd3ff7780bd3ecc90ec6c1f88c765018","bytes":375611}}
{"source":{"wave":605,"partition":0,"offset":605,"checksum":"20082b966a46e5c3c6778c7896be7e55762816edf2534799a427d47cf2ac0848","bytes":375611}}
{"source":{"wave":606,"partition":0,"offset":606,"checksum":"c3c44463c92aab0c72d09a2428dc190acf8b674e8023404db027d9ab0fcaf769","bytes":375611}}
{"source":{"wave":607,"partition":0,"offset":607,"checksum":"4e9c38c4d0108eb4250493a44c6d8c579ab3a85bb4c5d8ec07ffad242fa6f540","bytes":375611}}
{"source":{"wave":608,"partition":0,"offset":608,"checksum":"5266a6316c4f87213fa21cd7c3af7d77bb9387a1651229bf4c21fcf7f4fdde06","bytes":375611}}
{"source":{"wave":609,"partition":0,"offset":609,"checksum":"47aa199105f5d88c72a1cb9b7104e9ab52dcde682dcbebba99cac1767f84410f","bytes":375611}}
{"source":{"wave":610,"partition":0,"offset":610,"checksum":"6291aa9fc8b651b1ad42215e82dbf0222195aa11cc92be9319e76a9ccc5cd89d","bytes":375611}}
{"source":{"wave":611,"partition":0,"offset":611,"checksum":"79218db4219df359fe620443cf4f740b9b74ace35c1e00c9caab3b857e65e9fb","bytes":375611}}
{"source":{"wave":612,"partition":0,"offset":612,"checksum":"51b36543ce56ad42cd2614f9da44747878a34c9c71ae4a45e62f6c29145f655b","bytes":375611}}
{"source":{"wave":613,"partition":0,"offset":613,"checksum":"c8a9d1debc6916dcf63782eb31433f684bacbe7abe01a29b5b945b383b90b1f4","bytes":375611}}
{"source":{"wave":614,"partition":0,"offset":614,"checksum":"3ea9a2199a12e524b373f9428a75f9c056a7a17ce1484e7c20c43234854195c1","bytes":375611}}
{"source":{"wave":615,"partition":0,"offset":615,"checksum":"07d781079e6fd994e05726703bbd19944bb2f90c3acfef85ba8ed56a833b0c5c","bytes":375611}}
{"source":{"wave":616,"partition":0,"offset":616,"checksum":"8dee99639c5d12f2430f55c654ad453224ae81057162e6b5dfcf091b4df57e45","bytes":375611}}
{"source":{"wave":617,"partition":0,"offset":617,"checksum":"adaadfd9ddcfcce57470fe591fc485b6baa6224cd78d4de0a05818d9855458ea","bytes":375611}}
{"source":{"wave":618,"partition":0,"offset":618,"checksum":"9f4b7cfdb06f5f635c8d988e30bb16cb8126bb8e1572ee3018d66f2568417c68","bytes":375611}}
{"source":{"wave":619,"partition":0,"offset":619,"checksum":"f02850dae16dba168dbf3167e730ef7807bb3297dc283a77c9cc2906aac5d792","bytes":375611}}
{"source":{"wave":620,"partition":0,"offset":620,"checksum":"30a773cbb2615db821eacefbd619b92c32e8336260c8dd6013769a53570ff0e7","bytes":375611}}
{"source":{"wave":621,"partition":0,"offset":621,"checksum":"c3a4fb0a928cc3d91b445acd06c519c8477a0be9f3ed82dd4586425816a2d728","bytes":375611}}
{"source":{"wave":622,"partition":0,"offset":622,"checksum":"3623da066efe1bcfa927acc58ebc511cb6746f1a98e16d59a6b9dd21a4f24859","bytes":375611}}
{"source":{"wave":623,"partition":0,"offset":623,"checksum":"c0d4d9f04cea64837438baa67aa1fd918c0e9ada3926b965296fbd3a9022f314","bytes":375611}}
{"source":{"wave":624,"partition":0,"offset":624,"checksum":"4a78146fb53719ea95be551cc827994daffdb06007f2b6e66c7cb3928047af37","bytes":375611}}
{"source":{"wave":625,"partition":0,"offset":625,"checksum":"43e541738383cda4f1ea0338a5615b5f5b82144069bc86721361253a87521052","bytes":375611}}
{"source":{"wave":626,"partition":0,"offset":626,"checksum":"389ce850e7d36b80d6509a5183d2f3f2bf4476cc1628ea502a5ab2575ec80f9e","bytes":375611}}
{"source":{"wave":627,"partition":0,"offset":627,"checksum":"623f711e4b1fa560e20ad1cb0b5fcbec74d652ed11a675c33fea5873cdc26fab","bytes":375611}}
{"source":{"wave":628,"partition":0,"offset":628,"checksum":"25308a60366266b2c55ac483104154abd7354dc2a36f2946af2c930830e1a95e","bytes":375611}}
{"source":{"wave":629,"partition":0,"offset":629,"checksum":"f5b4b73e527a8f396d82fa1ad4b61a54c06bf4bda582100db5828d6d7e594e7f","bytes":375611}}
{"source":{"wave":630,"partition":0,"offset":630,"checksum":"dd3dc18266efb63d88fbb8a8946cffdea58654650403db8ea4913385a7ed56e1","bytes":375611}}
{"source":{"wave":631,"partition":0,"offset":631,"checksum":"d03a2ad6f99c0f2394bfa41373f9e1bbc4c2c7059e888110d3d4dc484b9e508c","bytes":375611}}
{"source":{"wave":632,"partition":0,"offset":632,"checksum":"d48d0868b1d027c85c122001fc2f483816265da5af848e2a41364a54dcf689c9","bytes":375611}}
{"source":{"wave":633,"partition":0,"offset":633,"checksum":"cd9465c960970aafa29530442d326e6248161b417a4daee5b1e0606d02706399","bytes":375611}}
{"source":{"wave":634,"partition":0,"offset":634,"checksum":"87b044d52b770d41ddc99fec64afaabed92cd6048a4ee4a96abe627d719759f1","bytes":375611}}
{"source":{"wave":635,"partition":0,"offset":635,"checksum":"2ed75b7258a481c0185e7a02ad16b6f921b9c903cac446030a297aae6c4bab82","bytes":375611}}
{"source":{"wave":636,"partition":0,"offset":636,"checksum":"7d27655448936cdcc534804b883381b2f719b8425a8ca7dd734afa8d0b885af1","bytes":375611}}
{"source":{"wave":637,"partition":0,"offset":637,"checksum":"573ccb5880ba7ed769a2d4dd458bb02ef4db4c2c21f27a2c4633f0bcba7f80be","bytes":375611}}
{"source":{"wave":638,"partition":0,"offset":638,"checksum":"2f496f2d4f5477b5c12457334adac8cbd0d4148967831e9150616d53493c168d","bytes":375611}}
{"source":{"wave":639,"partition":0,"offset":639,"checksum":"3d59a6b885b8056b26b96bf2b181f03c4a1febcb57bc470d668b84ae1f9962c6","bytes":375611}}
{"source":{"wave":640,"partition":0,"offset":640,"checksum":"64dc21a248e04a35cbd118593f12f46cf6affeaac3a1cd71854043cbc4bfbe8e","bytes":375611}}
{"source":{"wave":641,"partition":0,"offset":641,"checksum":"bc728ff9ca828570f0d724470a730478b9c6678bd35abafb7b356805df92663f","bytes":375611}}
{"source":{"wave":642,"partition":0,"offset":642,"checksum":"15cc279404f7b142c3409096f1b0a079fae16ce4b5f6f91fd380e35daea35cbb","bytes":375611}}
{"source":{"wave":643,"partition":0,"offset":643,"checksum":"ce29cb467eefd6f11ff4ce33b3631424d09a78f8d9c0770a72108ab6e3fa8dc5","bytes":375611}}
{"source":{"wave":644,"partition":0,"offset":644,"checksum":"7d74f1ee2a9e55363e4c51ef5510b196377a6515a7e40103877f5fb694ace940","bytes":375611}}
{"source":{"wave":645,"partition":0,"offset":645,"checksum":"5652c8e4a05afc50d8503dcda13afd8e70aaffcf86085c29cfd259db6f67a7a4","bytes":375611}}
{"source":{"wave":646,"partition":0,"offset":646,"checksum":"64b764e1e011ed8f3e39cbb7c138b0f0bfa3336396ed1223556ef0ab7d80cfec","bytes":375611}}
{"source":{"wave":647,"partition":0,"offset":647,"checksum":"bb5631ac81a7556ac00c9b3757362f70b35bdeca894318f5baec4d3451607113","bytes":375611}}
{"source":{"wave":648,"partition":0,"offset":648,"checksum":"e4615a3e0d26f99b5ae86d34e46774f3d60e8a0c17a8581fa3ac9a27bdb7dcea","bytes":375611}}
{"source":{"wave":649,"partition":0,"offset":649,"checksum":"29adc76b2470328b7a9ba2b4b57139d28546feab68ac5407384243a56a017f4e","bytes":375611}}
{"source":{"wave":650,"partition":0,"offset":650,"checksum":"965988dcbd6173beb34d95cfe66c33fc1467581133a6b4ce82d3730ff19f79e9","bytes":375611}}
{"source":{"wave":651,"partition":0,"offset":651,"checksum":"9757576f52198e175d56a3d34f1224c1c7278441a4327941bbb6547760405d50","bytes":375611}}
{"source":{"wave":652,"partition":0,"offset":652,"checksum":"907f3652b0c7b6eb74811d565102f9985416147b83c20e525b386bc866544c8f","bytes":375611}}
{"source":{"wave":653,"partition":0,"offset":653,"checksum":"ad1f3da5b43001b8f8f2aab0bf71d809f6674cb0a74942b6112fb28c489867e5","bytes":375611}}
{"source":{"wave":654,"partition":0,"offset":654,"checksum":"10ad98012fc0de0189443626ee5d8e3bc31bc6e60dbd63a032fbf02e82209628","bytes":375611}}
{"source":{"wave":655,"partition":0,"offset":655,"checksum":"7f1d060ebf87b50b7110301b111648087a9cb59048824b3a7b4b2cf8f982b007","bytes":375611}}
{"source":{"wave":656,"partition":0,"offset":656,"checksum":"4034ff581d4ebf56935259aff804820a3c0bea1c32f800a09825650158655627","bytes":375611}}
{"source":{"wave":657,"partition":0,"offset":657,"checksum":"a57489062d421b8281f187c16885c2ecb9942e9d3595c63c7cd197ce43e1f1de","bytes":375611}}
{"source":{"wave":658,"partition":0,"offset":658,"checksum":"da76d5baeec22635c480b3cc0394a946827e167b7665a7133284d74b9b00c982","bytes":375611}}
{"source":{"wave":659,"partition":0,"offset":659,"checksum":"1a69f7d45413892326f80f016a70496ea1a22d5cb74b40eaba1e4ed892572435","bytes":375611}}
{"source":{"wave":660,"partition":0,"offset":660,"checksum":"225c24d18daaffb73a9a3a89efb4aab964ddd1579cc6a96218aa421181770c34","bytes":375611}}
{"source":{"wave":661,"partition":0,"offset":661,"checksum":"af5940a748b3a37d18cf96b9a0179f7490091de4ca5772fcfd9ad6edfc60c1cc","bytes":375611}}
{"source":{"wave":662,"partition":0,"offset":662,"checksum":"5623e5c8a8e3a60ac6fa0283a8042e35096f04bea2640e26da64e1041baf8f59","bytes":375611}}
{"source":{"wave":663,"partition":0,"offset":663,"checksum":"c5ede5c7903806109f57221c06a4abd22ecf5cf638994c1c96e97b47490c82b0","bytes":375611}}
{"source":{"wave":664,"partition":0,"offset":664,"checksum":"8bb17d42e371fca1e709987ed3b0b27a13c012772227d1b45c8ad8d5c0877c4c","bytes":375611}}
{"source":{"wave":665,"partition":0,"offset":665,"checksum":"fdd8fef407ab6ca1a7f590188f04eb10800007514abbd65d74019431f4d925c2","bytes":375611}}
{"source":{"wave":666,"partition":0,"offset":666,"checksum":"6d9206c5656deaae4629e4b7bcbd924358cf9747749387a775b2a1d7cd45d816","bytes":375611}}
{"source":{"wave":667,"partition":0,"offset":667,"checksum":"a61f83213463b89f0ca42eac2e8f02f29f69d5da39712a66f802d1ad43ce2153","bytes":375611}}
{"source":{"wave":668,"partition":0,"offset":668,"checksum":"5f926753b2ca2d071eb04b5db3672694253ab53473f432e3128e01427da59673","bytes":375611}}
{"source":{"wave":669,"partition":0,"offset":669,"checksum":"6f473bd3ab23343c4e64f7d1f6f1bda9ecabbaf4f3aa11f98ddc8bcff654b421","bytes":375611}}
{"source":{"wave":670,"partition":0,"offset":670,"checksum":"1e5716f5dec925000bf11f76f4c44917e3dba56a4ca1813ac5b390ad144d4c7e","bytes":375611}}
{"source":{"wave":671,"partition":0,"offset":671,"checksum":"03595dec04cb9d8fc99c1b0e1eb83fb68510346905ddf39393b5133120c72d86","bytes":375611}}
{"source":{"wave":672,"partition":0,"offset":672,"checksum":"79eefdcb08322d7c4bad8391c9ac7f2c8ec5e90220985cdaf2fc22437c8d14ef","bytes":375611}}
{"source":{"wave":673,"partition":0,"offset":673,"checksum":"4b64d5f7e9b71a4a1241e2c0470232f773b09a450e8cc1d2833ca905ec14799e","bytes":375611}}
{"source":{"wave":674,"partition":0,"offset":674,"checksum":"5b44c9ae86cf93c515a1027b10b93beac69d50e2d525ae4c83e402f10f3b8f85","bytes":375611}}
{"source":{"wave":675,"partition":0,"offset":675,"checksum":"7d778b2e8df25a9c9159f21c0a59685e98e2eb212772c0feb1fdf0dfb3314cc9","bytes":375611}}
{"source":{"wave":676,"partition":0,"offset":676,"checksum":"7026282543ec0729753fd3a70fe541e249f5d571a5929abf3da1ccb79e96d397","bytes":375611}}
{"source":{"wave":677,"partition":0,"offset":677,"checksum":"491a95d0a21929e0c4096330ba96a35db0c345daceb09fe36b09a50c5e03b1ba","bytes":375611}}
{"source":{"wave":678,"partition":0,"offset":678,"checksum":"6f4c69575102dded088e33eba8283c5e829f3f2786eb72165c332bccacbf70b9","bytes":375611}}
{"source":{"wave":679,"partition":0,"offset":679,"checksum":"65b64b78d899a9c8e7c986869a6bf8f4f64e3bbe85cf1ad8629d27a17e4ead4c","bytes":375611}}
{"source":{"wave":680,"partition":0,"offset":680,"checksum":"5d98027a0c2c17086617f2df3f9afec328ad6a8ea3b76b1ebd9c0f841fa46b57","bytes":375611}}
{"source":{"wave":681,"partition":0,"offset":681,"checksum":"e776c239f23332123434ec0741006a03d4160e693759237199fc39e34f117186","bytes":375611}}
{"source":{"wave":682,"partition":0,"offset":682,"checksum":"02b8d12963c606950405e4cbe73d8cf401183663971f3f05c72816c44ddf856a","bytes":375611}}
{"source":{"wave":683,"partition":0,"offset":683,"checksum":"e09f7ada2dcb370e4be644af9384750f40445e0f86f10cdac5ab4a7a682e3449","bytes":375611}}
{"source":{"wave":684,"partition":0,"offset":684,"checksum":"e09099746c8ba2c55ca81f600aa1838b0a0fd348f3b66bb23e79f88e0622c3e9","bytes":375611}}
{"source":{"wave":685,"partition":0,"offset":685,"checksum":"6fefa554c39df91e5d09e53a51709cbbcbe1b3e32d1577de2b49f6cffcb2e15e","bytes":375611}}
{"source":{"wave":686,"partition":0,"offset":686,"checksum":"5b53e2195635dcd4cb636f1080e283d68ad81952dec249b9341a37d0f9d5424f","bytes":375611}}
{"source":{"wave":687,"partition":0,"offset":687,"checksum":"f97741ca638efc7b792f79f5f44fd900db03a02a3b475ca2b80c811830aea399","bytes":375611}}
{"source":{"wave":688,"partition":0,"offset":688,"checksum":"1420ca40557807a5113e1243fac87ed07fcf88fbeee8937325c4f89a252e91df","bytes":375611}}
{"source":{"wave":689,"partition":0,"offset":689,"checksum":"4dfae19e45d3101240bbd832932c65bdc70ad99a414ad72097391b3d505c2a7a","bytes":375611}}
{"source":{"wave":690,"partition":0,"offset":690,"checksum":"e2ed29fd42b2a08529fe703334b7819b074ef63c00335ea0979f09e4c30fb900","bytes":375611}}
{"source":{"wave":691,"partition":0,"offset":691,"checksum":"ff5e162822450eada7b62467325d1b04d234a08369538adc0d71f804966adcdc","bytes":375611}}
{"source":{"wave":692,"partition":0,"offset":692,"checksum":"b6cd57358236fd3f75e58c879ce8fd525c473533c5546f560d598182d74d8fad","bytes":375611}}
{"source":{"wave":693,"partition":0,"offset":693,"checksum":"56a188a2c606d843d96bdd5bd87e103e02bb5ece6490faca18e6db81d192b326","bytes":375611}}
{"source":{"wave":694,"partition":0,"offset":694,"checksum":"48a8ea11d71296b61df261ce20db2acda5e37327fc411fc776ebe5616d1fd1be","bytes":375611}}
{"source":{"wave":695,"partition":0,"offset":695,"checksum":"8104cdd26e809635cf6b529ac6850d3df8ff7d219fc9e7846ad53d5b3ad9aaf5","bytes":375611}}
{"source":{"wave":696,"partition":0,"offset":696,"checksum":"31495660e4b370aff839010d1c6923ad569f8f5cb67ad0836bf3ad50c5c87acb","bytes":375611}}
{"source":{"wave":697,"partition":0,"offset":697,"checksum":"392f6fab7a05fa0b827e00fbad4d3896904f6b9e0dd6cf9be288d827779e4936","bytes":375611}}
{"source":{"wave":698,"partition":0,"offset":698,"checksum":"39cc49a8688a01167cf9f51630a2fc26fa0a6ba96af5c26191bbd2a51dd868a8","bytes":375611}}
{"source":{"wave":699,"partition":0,"offset":699,"checksum":"06ede72aa52606749c77e0449a8feb98e8206dce8822941b3671f215f44710ba","bytes":375611}}
{"source":{"wave":700,"partition":0,"offset":700,"checksum":"f3f62f14c17ee4dd56ee9875c0b7c74bbb07e81bce419711438adf77a59ea13d","bytes":375611}}
{"source":{"wave":701,"partition":0,"offset":701,"checksum":"f50257d4e012a0331720456e68f6fd13c59ada31851ab3d454ff04a9adff363a","bytes":375611}}
{"source":{"wave":702,"partition":0,"offset":702,"checksum":"a016845239485f36b4222375ca87816d18fce325b91d2063296ad2c608fb863d","bytes":375611}}
{"source":{"wave":703,"partition":0,"offset":703,"checksum":"870535ec661527f5ef9013c6950972445aaf72a7804eddf84d7323ec414bccf1","bytes":375611}}
{"source":{"wave":704,"partition":0,"offset":704,"checksum":"406dc36ecbde2116b7d92f2f807ca2536b6639b80cce1b097a6c43675af5370d","bytes":375611}}
{"source":{"wave":705,"partition":0,"offset":705,"checksum":"64823a6ab2e8471108d2d01d6f885f681b1e371a87b1a0be9d8cb9d2923f59ca","bytes":375611}}
{"source":{"wave":706,"partition":0,"offset":706,"checksum":"555f168a4a2ecfe0e1eaff368059bc9d553255a62ce84e859230988bf218f887","bytes":375611}}
{"source":{"wave":707,"partition":0,"offset":707,"checksum":"dff2c41a720984ff829e887c7536c4f6f8c0efd6fa7bfc0dd26b403324598bb2","bytes":375611}}
{"source":{"wave":708,"partition":0,"offset":708,"checksum":"df3eb0ac750fbfe739856e0023bccf873ac824d98b770472467c72bb6dcf123b","bytes":375611}}
{"source":{"wave":709,"partition":0,"offset":709,"checksum":"9ae6f33a4260d37e2cc77fa4a2a9616ef3780c07ec02d4db1695412c9bf8fd48","bytes":375611}}
{"source":{"wave":710,"partition":0,"offset":710,"checksum":"eaec702e5ddad9e8b5c586d31b2e7b637b5622da6dbcdc9daf591555229c5346","bytes":375611}}
{"source":{"wave":711,"partition":0,"offset":711,"checksum":"4d92859f215e7cf7b42277d545e0a47b3f7079e2f23e9744a450982611042727","bytes":375611}}
{"source":{"wave":712,"partition":0,"offset":712,"checksum":"eb9a3727a0fad59fef5059efc5535ed42d83f9670b6d34496c24c1c2a0ce2fe1","bytes":375611}}
{"source":{"wave":713,"partition":0,"offset":713,"checksum":"dece1d95da1cf8a312d8bdc03dc310da77059f68f28df8506373ceca6a02a089","bytes":375611}}
{"source":{"wave":714,"partition":0,"offset":714,"checksum":"031f7c7e4776ff2b8154cb350c08e7617b2d5206a1458908be5022591edbbf94","bytes":375611}}
{"source":{"wave":715,"partition":0,"offset":715,"checksum":"de0bcc24a1d81d0292efcd6411d34c2710ddceaf5ddefad18e326e998a620bf6","bytes":375611}}
{"source":{"wave":716,"partition":0,"offset":716,"checksum":"193104a08321447c64d27af9404f1714254c9d846a99775fd1f0d73d4620060c","bytes":375611}}
{"source":{"wave":717,"partition":0,"offset":717,"checksum":"6de92d586979d41374d14bd5a0f9fa8ba9e9fa77c3388790359d10ac72cff458","bytes":375611}}
{"source":{"wave":718,"partition":0,"offset":718,"checksum":"919ffd681ad67038fd7ea1b9045fec04fe994ac26e393cf4b7dff97d267cced9","bytes":375611}}
{"source":{"wave":719,"partition":0,"offset":719,"checksum":"0bc237020a1d748cf59a2a7e55417c1cf4d364accb8173f6687b4c091ee8f311","bytes":375611}}
{"source":{"wave":720,"partition":0,"offset":720,"checksum":"f367851b2ba9fbc6c34290042f7ca312ab3f49063e12b29695e617e63c7db0c9","bytes":375611}}
{"source":{"wave":721,"partition":0,"offset":721,"checksum":"5df1c767f8819083fd9eadba7fa5181c32f37144eaa2a854887f2c4ec9b8008a","bytes":375611}}
{"source":{"wave":722,"partition":0,"offset":722,"checksum":"08b56b8972ab3c5bb6c23af9d5b487ea3534eb02a42a07da580e21626970f782","bytes":375611}}
{"source":{"wave":723,"partition":0,"offset":723,"checksum":"76b2c8e590912076f9c5cfb6ed7849b8bd9ae33f99b9a08540062d092ea0ce7c","bytes":375611}}
{"source":{"wave":724,"partition":0,"offset":724,"checksum":"07c302421e3c9681930c33f360de81a2bedbba78d8b29d92b92b93f74c3803cb","bytes":375611}}
{"source":{"wave":725,"partition":0,"offset":725,"checksum":"d8abff8e09ef15161058b50d93c4e0418c054669dcbd220186d1e7c0e2c4a2e7","bytes":375611}}
{"source":{"wave":726,"partition":0,"offset":726,"checksum":"099326b00409c4f90433503a999057eb58f92d193a8674fdc970d18d0e2bfe7f","bytes":375611}}
{"source":{"wave":727,"partition":0,"offset":727,"checksum":"09a6cd155060b9cb2722d8639cfb32ef2bd396773d7ff8433fbb5c31ea478e3c","bytes":375611}}
{"source":{"wave":728,"partition":0,"offset":728,"checksum":"a8435c8b35b92d848dbd47c015068f2f364926efb503449e12ed1292a0b2cf7e","bytes":375611}}
{"source":{"wave":729,"partition":0,"offset":729,"checksum":"34c9a8851bfab14c9f5ebfb75f23975c309c09d54e1b80385051323da100e29e","bytes":375611}}
{"source":{"wave":730,"partition":0,"offset":730,"checksum":"7356dfd616c48248b0877655f67787e54ff10b4b8ab3f13739ecea20b897b412","bytes":375611}}
{"source":{"wave":731,"partition":0,"offset":731,"checksum":"b5473f47d9efa999357ece836a0f8a8e400cfa33647a4ec61dd7213c414ecb2b","bytes":375611}}
{"source":{"wave":732,"partition":0,"offset":732,"checksum":"41ed1a935d0fb2a94aebb4d020153042c2c9e3edeb7418ce35ff726182e48ebf","bytes":375611}}
{"source":{"wave":733,"partition":0,"offset":733,"checksum":"70ef39ffc5e076fe59c75654e7f83b7961417a82563d4ad6632c0cab39bc8f31","bytes":375611}}
{"source":{"wave":734,"partition":0,"offset":734,"checksum":"35ce094a29975361b1189e8f31ddb4523cd6a9ddbe3d428ae9aef3fd7b7cb4f5","bytes":375611}}
{"source":{"wave":735,"partition":0,"offset":735,"checksum":"06741636a7c644e1d3571172e271be82c187913348cd529940441b213531dd7f","bytes":375611}}
{"source":{"wave":736,"partition":0,"offset":736,"checksum":"ec018ef7851c60b4e1bea157389834b4df2b01e5c25450a0fbb86f37495f2db9","bytes":375611}}
{"source":{"wave":737,"partition":0,"offset":737,"checksum":"e51502369da6780c1445373a8a3dbb54ab791e59e8a6545475017e72353721e5","bytes":375611}}
{"source":{"wave":738,"partition":0,"offset":738,"checksum":"d5a01ec46fdbfa10f468720a2fb434192f20d4b62635ddd4c1b323542f433455","bytes":375611}}
{"source":{"wave":739,"partition":0,"offset":739,"checksum":"da623b6916fa05e0bb395a41b1869a74a795c8d73539ebbdae264d7033a8391a","bytes":375611}}
{"source":{"wave":740,"partition":0,"offset":740,"checksum":"0f4b03cb41171de793318dcb56a05b2451a1d5d5631602878576b92f0f83c040","bytes":375611}}
{"source":{"wave":741,"partition":0,"offset":741,"checksum":"b6a695593fcbcaede89356ad8de8cabd6186f8474fb60a392068427002449373","bytes":375611}}
{"source":{"wave":742,"partition":0,"offset":742,"checksum":"563570a946b3dcacc54bb73cfec29bc388323845d810d72b17008d52043b9f0e","bytes":375611}}
{"source":{"wave":743,"partition":0,"offset":743,"checksum":"77ea51f61032afbbe1ba766b269705e51303fb4a28769ddf05517e6f76f57442","bytes":375611}}
{"source":{"wave":744,"partition":0,"offset":744,"checksum":"ad931041a05fe4ce4a74c1940c7bf3a7f05bd7f64d16166994c6b6c39e9e5bc1","bytes":375611}}
{"source":{"wave":745,"partition":0,"offset":745,"checksum":"c18c2f066441d97f80ee76e26fb18f6e2ab7386ea158fc3dadca4699c6f09028","bytes":375611}}
{"source":{"wave":746,"partition":0,"offset":746,"checksum":"91e65c261285fddc04e287f17f7d77791914add458a036819f8c39af06cca8c4","bytes":375611}}
{"source":{"wave":747,"partition":0,"offset":747,"checksum":"2ea6f7868a30c7e6873a894c71621d27d15c7d3a7a216a0b2ca28a35b89bde43","bytes":375611}}
{"source":{"wave":748,"partition":0,"offset":748,"checksum":"d19a6436301e9f1cc08533ab43573ebb24270b5af4c33fa398c68b5772876278","bytes":375611}}
{"source":{"wave":749,"partition":0,"offset":749,"checksum":"57c0946ea0540da22232c044ef8773e2fc02921ac537182ccd03d7f90b27c37f","bytes":375611}}
{"source":{"wave":750,"partition":0,"offset":750,"checksum":"32d6f55d1e8e2ddebe5890d7d08f1a03e26c0ccfdb2944451d961ab84bb847ce","bytes":375611}}
{"source":{"wave":751,"partition":0,"offset":751,"checksum":"e42a59b90b52b847e214d36a1a85abf9a214697a24d55f7552e8bfe1c2d05158","bytes":375611}}
{"source":{"wave":752,"partition":0,"offset":752,"checksum":"3f7db736c5104a7b7326397a7c64fcc484daf2f8fa07a62fae603eac77a710db","bytes":375611}}
{"source":{"wave":753,"partition":0,"offset":753,"checksum":"d91dfce20f9da864e07aa12bf45b9919fc92669297c3048c4a6582d53be0e478","bytes":375611}}
{"source":{"wave":754,"partition":0,"offset":754,"checksum":"ecd24a4a2ad3e906d0938cf793e991b8add4306f8f56c81b8ee9c18a62a4963c","bytes":375611}}
{"source":{"wave":755,"partition":0,"offset":755,"checksum":"7e7ae29ead902efabe489439d8ad441507c6664507053f04049607ccdcae30b1","bytes":375611}}
{"source":{"wave":756,"partition":0,"offset":756,"checksum":"5e3dfaadf61fde78ccf4813bf9d1121f6318e822aaf6bba985ae67c57f45f8ec","bytes":375611}}
{"source":{"wave":757,"partition":0,"offset":757,"checksum":"412d42037649fc6f415cdfec24019a4f8c7482553165627577e5a7febb65b8d9","bytes":375611}}
{"source":{"wave":758,"partition":0,"offset":758,"checksum":"ae1a0446f11dc4c7785da2f2f26a19daa5bd635e10397e107fbf72b3200465ad","bytes":375611}}
{"source":{"wave":759,"partition":0,"offset":759,"checksum":"e7a85fc18dc808119219bba61e0b520dc7d1ddf6112080abd38bf68c4bebdbf2","bytes":375611}}
{"source":{"wave":760,"partition":0,"offset":760,"checksum":"9e45f73f70c7490c0a994e3747654aa83710f67bc711cc23a3883acab459fb2e","bytes":375611}}
{"source":{"wave":761,"partition":0,"offset":761,"checksum":"c6d6acded0547409b98c72417d7150a4024d1117a091f448d9758c41afa8e069","bytes":375611}}
{"source":{"wave":762,"partition":0,"offset":762,"checksum":"d6402be3739353dc7d92e5dde71ea792ab13fca86752d03696bdf3c24c2feb1f","bytes":375611}}
{"source":{"wave":763,"partition":0,"offset":763,"checksum":"a30e78e9b540069e9f3ab7cc78eb9960381ae88b84ae8fed63064b4efba8b4a7","bytes":375611}}
{"source":{"wave":764,"partition":0,"offset":764,"checksum":"d7627abbaa410f7814a57d099183b69257139979689d8fc1ac1d7d16f140ce77","bytes":375611}}
{"source":{"wave":765,"partition":0,"offset":765,"checksum":"4b47ed5d84f6fe18331f7e1d8efc731c26c99ef67b31d52e5364e08a018dacd8","bytes":375611}}
{"source":{"wave":766,"partition":0,"offset":766,"checksum":"8803fd122a17d0a391deb53755ad769f1b4fdd5dc2cfa31d38aa6a51c1839396","bytes":375611}}
{"source":{"wave":767,"partition":0,"offset":767,"checksum":"f0d56cb78e70acee6238376cba1eae8673b587318a48671fa887abd68f2489d5","bytes":375611}}
{"source":{"wave":768,"partition":0,"offset":768,"checksum":"7918fcb1fc967cedc1a18aea7c1513fe49b9624efdd8a4d339704bea6384f5fc","bytes":375611}}
{"source":{"wave":769,"partition":0,"offset":769,"checksum":"74aa25d3ea24d1c1ba3692f1afe01d88aae96dabc3367b231ff5f84ec80d6935","bytes":375611}}
{"source":{"wave":770,"partition":0,"offset":770,"checksum":"63a3354104783bcc50af5b27c9c2f709a8268a01078b32f28dd055074c85fc3c","bytes":375611}}
{"source":{"wave":771,"partition":0,"offset":771,"checksum":"f14d3979663d1a27569894df38ec7b1cf56f25f3e90db9698ab46748d0feee7a","bytes":375611}}
{"source":{"wave":772,"partition":0,"offset":772,"checksum":"5207dbaec1b27208ded79852389fce18bd20d74e12ac3dd47f8c91d7f49c39ae","bytes":375611}}
{"source":{"wave":773,"partition":0,"offset":773,"checksum":"2afff22bf8b0dc63ded988cf55fd62f93cd0a54af99862b716d13771caf8e38c","bytes":375611}}
{"source":{"wave":774,"partition":0,"offset":774,"checksum":"8bfba49bddb2bf059ba60adbf7bd798d5217325f3ab40a2dd04572afd582751d","bytes":375611}}
{"source":{"wave":775,"partition":0,"offset":775,"checksum":"248f02707f64bb0d4e85ad0844de03839f29d438d677b3097ddfae47781d2809","bytes":375611}}
{"source":{"wave":776,"partition":0,"offset":776,"checksum":"2d79e8f7a9aef529163018e7c9df6f38aac72a7679083bb1ae801dd701a361ad","bytes":375611}}
{"source":{"wave":777,"partition":0,"offset":777,"checksum":"ceb592f102f47483611f67ddb69c5c8e2d95eaa9226e6f4beec066505c88ad07","bytes":375611}}
{"source":{"wave":778,"partition":0,"offset":778,"checksum":"c64a654be67a3428e45db28796996b2514746ca20b82ada4b6bb4c3e1197e5c2","bytes":375611}}
{"source":{"wave":779,"partition":0,"offset":779,"checksum":"45adc8f39cf0864aa253327153b0dda3dd1f5a760e83b2bab084eecb8d99f959","bytes":375611}}
{"source":{"wave":780,"partition":0,"offset":780,"checksum":"3dec8c03902a264c92b0ae6f87912c70da2dd1b9bca2366e20a57d621b80d527","bytes":375611}}
{"source":{"wave":781,"partition":0,"offset":781,"checksum":"7fce137225b946f867c8867b3d1ef59b9a5209e683a18c1b4ddfac5f5fb14708","bytes":375611}}
{"source":{"wave":782,"partition":0,"offset":782,"checksum":"4ac3ef5ba9dfdb64388c3be98ea15e63502924c121ad65e1cddeabfac5c195f9","bytes":375611}}
{"source":{"wave":783,"partition":0,"offset":783,"checksum":"60e71a0a415dc8a22cc2e5583da262dc66ac3e7b6feb1637dd4b246ff15ff180","bytes":375611}}
{"source":{"wave":784,"partition":0,"offset":784,"checksum":"1e4bc68c6e4e7c672b10c201c955b415897ccc2fe74562522bb94f200984eff5","bytes":375611}}
{"source":{"wave":785,"partition":0,"offset":785,"checksum":"89c2108c4562d7b19d783aaa11fc7af7704fbf1cd59ffddc5dc32adfaf53d9ef","bytes":375611}}
{"source":{"wave":786,"partition":0,"offset":786,"checksum":"398c266eebb92bfc648d0ab846f879f66b74beeba093f75a449072e62607433f","bytes":375611}}
{"source":{"wave":787,"partition":0,"offset":787,"checksum":"4ac44b11916f7b1049b0f1b2d3054c6a1a330d9f594d61cce69ce12478f994ee","bytes":375611}}
{"source":{"wave":788,"partition":0,"offset":788,"checksum":"23f6c4772805e39284ad727c0050f6cc8aad00924d64edb4298d04fe54f719c9","bytes":375611}}
{"source":{"wave":789,"partition":0,"offset":789,"checksum":"26da5ad2bfb714d5092461d7b7dcb51f792c90b8ec0ed3282903523379bfdb20","bytes":375611}}
{"source":{"wave":790,"partition":0,"offset":790,"checksum":"8047b578f971d25c66ccba86d3642ff77aab79c7a723aedec89f5d42696b28f2","bytes":375611}}
{"source":{"wave":791,"partition":0,"offset":791,"checksum":"5f1dd9abbe5809dac120b9f28c01b7db035e7ae112707c3525d74db56c767a25","bytes":375611}}
{"source":{"wave":792,"partition":0,"offset":792,"checksum":"93108abe48926fa29dec15ad751163755ef81196c5f3f0a65bb495b24acda980","bytes":375611}}
{"source":{"wave":793,"partition":0,"offset":793,"checksum":"8393b80b1d45facc67f492659207f55a080c06c95f26b1236a664659c34351f9","bytes":375611}}
{"source":{"wave":794,"partition":0,"offset":794,"checksum":"d2887198683a96c772f3797848b90203f38825ba0055c32908d7292dce9ebd1a","bytes":375611}}
{"source":{"wave":795,"partition":0,"offset":795,"checksum":"12728daad0fe57c5d6f1804868db8b6c48564dcafa1badd22aa359939cd014b5","bytes":375611}}
{"source":{"wave":796,"partition":0,"offset":796,"checksum":"9311cca4549e5d98087130fa1846b2ec64a1549aeed75b363db3660b6c14929a","bytes":375611}}
{"source":{"wave":797,"partition":0,"offset":797,"checksum":"2c2378be5208a79009d4761b6f57d5e7cfc4ae2f2908557c1191bdcd686b2633","bytes":375611}}
{"source":{"wave":798,"partition":0,"offset":798,"checksum":"621dd9572e54e2ce042fd9ff40a849c4c2efe6112f31ea9c7a950181502908a8","bytes":375611}}
{"source":{"wave":799,"partition":0,"offset":799,"checksum":"b03950345600b84c5505282cb2b9d046710ae9b4bf063cff81d270bd29c78c99","bytes":375611}}
{"source":{"wave":800,"partition":0,"offset":800,"checksum":"7bc9f17eb7bfbf70988e6069cfdcc433814c73e17984d51d3dab68e3ea09546d","bytes":375611}}
{"source":{"wave":801,"partition":0,"offset":801,"checksum":"15b5e1e9f2ef899efab617fd4893ba944492f38c365dda58b9d28152a02b6c4d","bytes":375611}}
{"source":{"wave":802,"partition":0,"offset":802,"checksum":"2f073e4c7386cbe4504591b5a977ebc4639b36f54710fc2b437a50da2b28d046","bytes":375611}}
{"source":{"wave":803,"partition":0,"offset":803,"checksum":"aeb6e058ad1e2b1cc99783f23ee6045471b35d2b8d9eebc0186cf284a315cd9f","bytes":375611}}
{"source":{"wave":804,"partition":0,"offset":804,"checksum":"cdc5fba4f1bab13811f5196b5c912d052d4abd9a8ce30835dbaa6804857e3ddf","bytes":375611}}
{"source":{"wave":805,"partition":0,"offset":805,"checksum":"3a51143f770e64e46650e53607b56cd9256920c8b83b3876a087eb375dd3f266","bytes":375611}}
{"source":{"wave":806,"partition":0,"offset":806,"checksum":"588fb2488ec86e5cd898a818183a8680eee24a78cdb0893528ee085c5b291ab0","bytes":375611}}
{"source":{"wave":807,"partition":0,"offset":807,"checksum":"34c7c20b804119d9055ae5518e37f46bd491a20c90193bc4be45cd70b4842508","bytes":375611}}
{"source":{"wave":808,"partition":0,"offset":808,"checksum":"6aaee8d5237ca2352d75ee384aec8de6bb9dd90b84485bc947d0e6a01ae19e89","bytes":375611}}
{"source":{"wave":809,"partition":0,"offset":809,"checksum":"9a8ec6eca6c6bab02a0be4b2eed053dc05afa00e5a1a84ca32d082e127aae34d","bytes":375611}}
{"source":{"wave":810,"partition":0,"offset":810,"checksum":"a0f16975d9c208c0346c4f26ca99cd704f9510c433e443483f5b8ef3e325db06","bytes":375611}}
{"source":{"wave":811,"partition":0,"offset":811,"checksum":"88db2d0a497f511a026736117a226267e8bf285cd296f06f33645dc96c3c846d","bytes":375611}}
{"source":{"wave":812,"partition":0,"offset":812,"checksum":"2370f0de15fc83c05379cce96b54224acc5440cd17105c552da50c16b134bac0","bytes":375611}}
{"source":{"wave":813,"partition":0,"offset":813,"checksum":"54959971097100467e917acaca1b58c6aeaf090de37c9b523b2006d027190e3e","bytes":375611}}
{"source":{"wave":814,"partition":0,"offset":814,"checksum":"2e5e4949a08321f7dfd5ccaeaddc18c3eb2b6b5ca544f3f11dd7ff99e55eb0a1","bytes":375611}}
{"source":{"wave":815,"partition":0,"offset":815,"checksum":"905ed92f71a705ab5e863e335df47e41c4a2f6d6b21836c30217417039b67e9e","bytes":375611}}
{"source":{"wave":816,"partition":0,"offset":816,"checksum":"c988859b51bc1e98d233954c0dda88022bcfc293e6e3ed77f468ce67ad1b1b6f","bytes":375611}}
{"source":{"wave":817,"partition":0,"offset":817,"checksum":"8b25c95f0efd1d95275041f61dd9b20d2669d7b60dbdfb0401faa06cebb0850d","bytes":375611}}
{"source":{"wave":818,"partition":0,"offset":818,"checksum":"3eea80b8ae4c15930d5f1338b1abb2bcbdef300add6a62f767c97b906f9ea58e","bytes":375611}}
{"source":{"wave":819,"partition":0,"offset":819,"checksum":"7ebec728a56866c614dca6afb2df2c187818d4b5d993fd516ea72a0413bfd08b","bytes":375611}}
{"source":{"wave":820,"partition":0,"offset":820,"checksum":"29b7f873a39cc2a762e983cb3a0427b9b67e897ee6f28c36063e6526f0a204b8","bytes":375611}}
{"source":{"wave":821,"partition":0,"offset":821,"checksum":"ae5636035cea55c02ab30289750b63f67359f8106e3a5b7e68964ea58a1c9bec","bytes":375611}}
{"source":{"wave":822,"partition":0,"offset":822,"checksum":"68517c55c4798fb5ccbf5965b9521a611ac54b69464fc6cdb47b476185b64131","bytes":375611}}
{"source":{"wave":823,"partition":0,"offset":823,"checksum":"90345576ced9b58004f82c2d791494f9f3adc22f9224e957568b751abc49ba5d","bytes":375611}}
{"source":{"wave":824,"partition":0,"offset":824,"checksum":"7a17563425a0f8249501c63bd6a680e5026a29668b576f0a0f7cc346a411feca","bytes":375611}}
{"source":{"wave":825,"partition":0,"offset":825,"checksum":"9d5d93c33550cc3ae9048ef090c09284a3a49b17c192df610fe93d79c99bf575","bytes":375611}}
{"source":{"wave":826,"partition":0,"offset":826,"checksum":"77725ab6ba2f3d7e11fc6f66f030ce4cd162fce899c31141ca2f460605fc2ad3","bytes":375611}}
{"source":{"wave":827,"partition":0,"offset":827,"checksum":"920e04cc58fea84a9521a66793ffaaca017ac55d9daeff8fd8c2e3c814e6dd7e","bytes":375611}}
{"source":{"wave":828,"partition":0,"offset":828,"checksum":"9a9258d5c6f3f399daf8ab1dc6c5f3e6fa24382b7c613ac44561ab3abe9aae33","bytes":375611}}
{"source":{"wave":829,"partition":0,"offset":829,"checksum":"dc6d80059fa5f1daafb0f8376b6d105653bda71e743051ed40872a00eb84b327","bytes":375611}}
{"source":{"wave":830,"partition":0,"offset":830,"checksum":"aa46e25b4563d6353ab0e83640cb440f93318b22894b92572ecfe5104a468f4b","bytes":375611}}
{"source":{"wave":831,"partition":0,"offset":831,"checksum":"e2b6afcccb8b617107baef2f5768963781517e7f3ac455f5124b82f2ccf931ba","bytes":375611}}
{"source":{"wave":832,"partition":0,"offset":832,"checksum":"1430b24c6545f2ea82e188d1b40900f6c5ad18e6a7c40a9c2f4dabb5d842cdc6","bytes":375611}}
{"source":{"wave":833,"partition":0,"offset":833,"checksum":"11b512ac7dcba99906a0b109471bd2c4cd8c485c2d46f28bb4d1c1638353ef1b","bytes":375611}}
{"source":{"wave":834,"partition":0,"offset":834,"checksum":"f3e23a60aa0a336771a3a8bc6995b09c4140f0e320f63b5cb0a241759493caca","bytes":375611}}
{"source":{"wave":835,"partition":0,"offset":835,"checksum":"e623fdbd6e4e94574266cc5f2cf4ce418273349fbec8543320ee9b0b5c587307","bytes":375611}}
{"source":{"wave":836,"partition":0,"offset":836,"checksum":"604d27b3e13db0e5cc51a5458c002011f2303470754a2ad1dd41e360d1ab21d1","bytes":375611}}
{"source":{"wave":837,"partition":0,"offset":837,"checksum":"dcb5e73394c7c93bc2c235c6c2c35fddb32e64db14bc875bbce5e4fd2e30e360","bytes":375611}}
{"source":{"wave":838,"partition":0,"offset":838,"checksum":"df054fb70cdfe4628738af460e1c399a6d5e4950992337c2dc11818248ae0fea","bytes":375611}}
{"source":{"wave":839,"partition":0,"offset":839,"checksum":"9625c7270da366b8caf08410c3603bc5cd0df986d0cf9663590aaaa65cb79d36","bytes":375611}}
{"source":{"wave":840,"partition":0,"offset":840,"checksum":"e46b1c1794a74c81bfadadd746c3e455fbadaabbfcdcfda43a08cb239750fe80","bytes":375611}}
{"source":{"wave":841,"partition":0,"offset":841,"checksum":"e10c671490cbb704ad4a14fc81598bb30bc524735cf7abb930c21c6a41f79663","bytes":375611}}
{"source":{"wave":842,"partition":0,"offset":842,"checksum":"03dfc88be2962c7444af704fe50fef5c105b998eba21a0ca6ef9d33f621d1a76","bytes":375611}}
{"source":{"wave":843,"partition":0,"offset":843,"checksum":"3ab6bed17beb76dbc4dd5947819fd5356547f815f4310d15bce81ad877a71e64","bytes":375611}}
{"source":{"wave":844,"partition":0,"offset":844,"checksum":"921e5d719dedcbc9e0065397e6ce0f66e0e05bca14fb723304831d8030188017","bytes":375611}}
{"source":{"wave":845,"partition":0,"offset":845,"checksum":"85ba0bab7aa772df04d808821b16357b99dd01fc3fed83dcb6c831ba8ec9d8ca","bytes":375611}}
{"source":{"wave":846,"partition":0,"offset":846,"checksum":"90af4f98346d8938b53fb88e93cf1dc79cd912fd18c339547f355cb91333c1dd","bytes":375611}}
{"source":{"wave":847,"partition":0,"offset":847,"checksum":"8f0a5e8adee0e779d057474cabf1c14323860172425a429108e67dc1037de841","bytes":375611}}
{"source":{"wave":848,"partition":0,"offset":848,"checksum":"2fc73b6e16553bf4205951ff803e4fda20d1b5a3ba88b25d3148a262a76a6a3e","bytes":375611}}
{"source":{"wave":849,"partition":0,"offset":849,"checksum":"a7d0cb9832eb32605b2df8ae25f22deff1fdb17b3815918946b9532ed29d4763","bytes":375611}}
{"source":{"wave":850,"partition":0,"offset":850,"checksum":"786496322f2c22f7751679ea33f4fd32ae580bb9292dfb1f580407ead093c541","bytes":375611}}
{"source":{"wave":851,"partition":0,"offset":851,"checksum":"7d19ee3d47733fe79e3c5becb3ff1f9220e236ec0a09132f0e0c13796d2763c5","bytes":375611}}
{"source":{"wave":852,"partition":0,"offset":852,"checksum":"7d192c8c349cb2456e7520cbc2f67ab8f299aabc107c4f26f1db786565ec1925","bytes":375611}}
{"source":{"wave":853,"partition":0,"offset":853,"checksum":"2b017b897075fc06e488d6924d566ebcc07ba1b574a81a779a75ae56e258efb8","bytes":375611}}
{"source":{"wave":854,"partition":0,"offset":854,"checksum":"56f24b4f67b6050dfbba9e58b45281a2a11727379739dd2d9301328fd7de8df8","bytes":375611}}
{"source":{"wave":855,"partition":0,"offset":855,"checksum":"77c5fc74a0365b3a93c5a7576872214a5ca97e954a42cb7908eaad39eae9b78c","bytes":375611}}
{"source":{"wave":856,"partition":0,"offset":856,"checksum":"61fe49cda68bf576acd17dfebe1f6faf43df5c715abc0a192b8ff785b805a707","bytes":375611}}
{"source":{"wave":857,"partition":0,"offset":857,"checksum":"c403024792852440301c98753f8f63de51e376478692eb5e67df9e5c5e09cb35","bytes":375611}}
{"source":{"wave":858,"partition":0,"offset":858,"checksum":"7de0b259746d83dbf27f5425a91f08405274594d5e92dd28765e472c2eccef02","bytes":375611}}
{"source":{"wave":859,"partition":0,"offset":859,"checksum":"cd4ce0bf71116b9144e5fb5bae7acabc8a38d2a87d2c656d0b4e1978f1af2173","bytes":375611}}
{"source":{"wave":860,"partition":0,"offset":860,"checksum":"7aafc3d8042ed40e89935db277f36ad4488f839740b5a1f7c0f59ea8cc55fce8","bytes":375611}}
{"source":{"wave":861,"partition":0,"offset":861,"checksum":"7e7296da8e432521347694ad1f6d60911e4bb12829fc1c9c3664314fca13b419","bytes":375611}}
{"source":{"wave":862,"partition":0,"offset":862,"checksum":"8ab9be89c812586e95b01eddcd6dd022b06fbf2c1a1474729f235930b2b73d39","bytes":375611}}
{"source":{"wave":863,"partition":0,"offset":863,"checksum":"47e42824f8978c6808966053817032bc943a9c25de661835752b8d593e6230df","bytes":375611}}
{"source":{"wave":864,"partition":0,"offset":864,"checksum":"3890a5f4e55afe42396d606154441cf0b0c42b61dcd88e325d57ed263228b4c1","bytes":375611}}
{"source":{"wave":865,"partition":0,"offset":865,"checksum":"bb00bb9f520e2719a620514ce19ce6471772027fab5440d7dc0a2ef83749cae2","bytes":375611}}
{"source":{"wave":866,"partition":0,"offset":866,"checksum":"08ba01488da36fa861f11b5a422fc5f2794142679ea9266260cf1c98f5314bc8","bytes":375611}}
{"source":{"wave":867,"partition":0,"offset":867,"checksum":"5cf554038ca998ab27f2f95640a7d61a3f1c7341f252ae7c37bf11adfe7093b7","bytes":375611}}
{"source":{"wave":868,"partition":0,"offset":868,"checksum":"82889a871d51b7d496e447fc1efb9dc88cc7309679a503e6e60688489a883f46","bytes":375611}}
{"source":{"wave":869,"partition":0,"offset":869,"checksum":"332368fdcb5789fb696c8d2f3a8d2e9308231553272bcf2902ef8d55c61036d3","bytes":375611}}
{"source":{"wave":870,"partition":0,"offset":870,"checksum":"ff04558288c7651edc75ef3e2eb2ab537361964dc8509d8e7d4e35c798e9200e","bytes":375611}}
{"source":{"wave":871,"partition":0,"offset":871,"checksum":"431f76a127e1ce1fb859baf0af866ecc5f5822a13eb6c532cf72fe5631dee3dc","bytes":375611}}
{"source":{"wave":872,"partition":0,"offset":872,"checksum":"84aebf88fc98830ff9412fdf44d838f338fa88f175b815c8cbf6e59259c62dbd","bytes":375611}}
{"source":{"wave":873,"partition":0,"offset":873,"checksum":"b39da20f843e8f936cbc5e8f2e79398cd3a3bcb1cbabade2272a3c36cc29d640","bytes":375611}}
{"source":{"wave":874,"partition":0,"offset":874,"checksum":"948305d9cad5f2379f76961b6e5d4e54ffd537f5240b3c80d82529e13006ec3b","bytes":375611}}
{"source":{"wave":875,"partition":0,"offset":875,"checksum":"2102723067540223bbf81f6aee06473fd3e394a0ac788f6d71c4af4fbf80eb33","bytes":375611}}
{"source":{"wave":876,"partition":0,"offset":876,"checksum":"ecb64e123e9b08e3781848cc0aea0648d75c6a7a75bb72f2fa46878335fde757","bytes":375611}}
{"source":{"wave":877,"partition":0,"offset":877,"checksum":"5497e31876ee2fec9cb905a10244a87a95e44a03091845688a0983dbb61dbcaa","bytes":375611}}
{"source":{"wave":878,"partition":0,"offset":878,"checksum":"a2ec634671ece384204e640715de6e9db3a0cf146693f322f31be2a358497e68","bytes":375611}}
{"source":{"wave":879,"partition":0,"offset":879,"checksum":"ac3265e8148c2820594f5c6129826ae0f6b72c3dd2fe4f7be3beab03ee510e76","bytes":375611}}
{"source":{"wave":880,"partition":0,"offset":880,"checksum":"67de142ea3e5d16e5696649dc965331a8ae07d268c9df2e4112ac9302ffe8424","bytes":375611}}
{"source":{"wave":881,"partition":0,"offset":881,"checksum":"a10653422266634f1ab3fe49c73e7d8ecb4afc65ef59f8cc1b27dbf8a757e11c","bytes":375611}}
{"source":{"wave":882,"partition":0,"offset":882,"checksum":"58f6b31b0b37ee0fcb94393680fb8be27329558e3ac0bc1b6fd2fd0858b0eee6","bytes":375611}}
{"source":{"wave":883,"partition":0,"offset":883,"checksum":"dfa527ed9466295adee9032a3a2828c1f0f61f3b67f26131006f7ec397f5e284","bytes":375611}}
{"source":{"wave":884,"partition":0,"offset":884,"checksum":"031903486b2561f307d6fae424d1439f86255f5f41e2caedf8d13dda495bf388","bytes":375611}}
{"source":{"wave":885,"partition":0,"offset":885,"checksum":"d89d2d8983aad3d9cd37cfb140fddca78ce8a2215fbf4ee0395019e07969cbe2","bytes":375611}}
{"source":{"wave":886,"partition":0,"offset":886,"checksum":"461da299ec9b7ccd88ac37a79d84026552681843b4a35daa04781fd655991c44","bytes":375611}}
{"source":{"wave":887,"partition":0,"offset":887,"checksum":"7dd404bc72051d6564c597dd6f3e8d902624272c624fde58004d0a39b838f3a9","bytes":375611}}
{"source":{"wave":888,"partition":0,"offset":888,"checksum":"12c2310a9ac28906b083d944caccc14aca29426490c0e654c44a99e98b2bc538","bytes":375611}}
{"source":{"wave":889,"partition":0,"offset":889,"checksum":"cb61d7d1a713d4568aa01f736589af6721ab52403b09cf7af2883d03c4a6d687","bytes":375611}}
{"source":{"wave":890,"partition":0,"offset":890,"checksum":"f812fb9654f519a007d3def285b509dd84296cc396626fab1da34d7c6fd6fd63","bytes":375611}}
{"source":{"wave":891,"partition":0,"offset":891,"checksum":"b35691cf068e0b4188efec4597bc71f42fddc98b3689f85c88b94d58b1452b6a","bytes":375611}}
{"source":{"wave":892,"partition":0,"offset":892,"checksum":"fb53c724b31aa3a4289b4898bd660ed21896c467450d1322c5bfcf961d78e4ba","bytes":375611}}
{"source":{"wave":893,"partition":0,"offset":893,"checksum":"0ab82dca1d8aaaf088b6e9221614db8547a13c1c783948ba519540972b3de494","bytes":375611}}
{"source":{"wave":894,"partition":0,"offset":894,"checksum":"9013d3c80458f4f7e127b9f16c89b3bc944e5fb32b429813e712b0c3d3e9c3c7","bytes":375611}}
{"source":{"wave":895,"partition":0,"offset":895,"checksum":"c5474245a6aa0d8451ccc014c96e24584d992f0a85065dcf253d66020331bddc","bytes":375611}}
{"source":{"wave":896,"partition":0,"offset":896,"checksum":"296190032dbd1e787ed5f747f4b43c9c0b954fab00fabd090928552123cbd118","bytes":375611}}
{"source":{"wave":897,"partition":0,"offset":897,"checksum":"52aacb64083983661a22980f3a5e46f7f61e0f350aa172eb0416477c46d707f5","bytes":375611}}
{"source":{"wave":898,"partition":0,"offset":898,"checksum":"4a7c72d49173c3862de26eaa42bc486bdb600d3fc45beac5f60d2082a2b3af78","bytes":375611}}
{"source":{"wave":899,"partition":0,"offset":899,"checksum":"85fc2367eaa69a41326604183e1b46095b159d897d4d54704cf1a523878652c9","bytes":375611}}
{"source":{"wave":900,"partition":0,"offset":900,"checksum":"85a8d549d4bdc4ee42f614960eff4574036979c5c3ce5a4ecda840e4e0ba2587","bytes":375611}}
{"source":{"wave":901,"partition":0,"offset":901,"checksum":"03cf4192c6bec7a708a8d498cf9319a26abb5eaaede064659ad917e6fc60be47","bytes":375611}}
{"source":{"wave":902,"partition":0,"offset":902,"checksum":"49be29bd3551d8a82a483b7695305ebec078b5d87d1b37b368f9843fd5e45a80","bytes":375611}}
{"source":{"wave":903,"partition":0,"offset":903,"checksum":"3dcd7c66a72bd3981485c9cb0ec695dd6ba2ac13b7d91090f030e94197d1c4ed","bytes":375611}}
{"source":{"wave":904,"partition":0,"offset":904,"checksum":"8ff8233eb714c40d06610e43e9be3a1708d888b6fa6d368d5d1bb20920b8774e","bytes":375611}}
{"source":{"wave":905,"partition":0,"offset":905,"checksum":"3efa7842a236a8f3b940dec93da23d21bca90e214a590f218f3d02941e98cc22","bytes":375611}}
{"source":{"wave":906,"partition":0,"offset":906,"checksum":"cebf66dcc4bb86d8921315df6d716aab633b11c3d185490b535776a4aff00f6e","bytes":375611}}
{"source":{"wave":907,"partition":0,"offset":907,"checksum":"1fd67dfd0ff4cf4ec151cfea421550b9e79165470fb0f934725b3cc2c6eba5e8","bytes":375611}}
{"source":{"wave":908,"partition":0,"offset":908,"checksum":"1ff2f2a1cadcc33b3ec985a8d5c46bdd9ddfcb6ecfa82d2f7c38c060c1e8498f","bytes":375611}}
{"source":{"wave":909,"partition":0,"offset":909,"checksum":"b58f202675b1d6499b62a4f68e323565c9b7fcad518d4fe25a172a66d637d24a","bytes":375611}}
{"source":{"wave":910,"partition":0,"offset":910,"checksum":"60b22c5bf960f11661dc14f65159b84a5bcdfaca82fbf677c6bd80e422e191c3","bytes":375611}}
{"source":{"wave":911,"partition":0,"offset":911,"checksum":"8c8018ec02fcb016d4d1dfcbbdddc628024c3562611e0b044092d5bb8b740f42","bytes":375611}}
{"source":{"wave":912,"partition":0,"offset":912,"checksum":"2b095c0a018c728f37264be79253b21816504564cb8322e9deb61b5f9028e5de","bytes":375611}}
{"source":{"wave":913,"partition":0,"offset":913,"checksum":"83165bd173c1cd51fe9e9379ff84f11ea9ce47f03bfaf4f2851c28c9ec313e18","bytes":375611}}
{"source":{"wave":914,"partition":0,"offset":914,"checksum":"c7508c3767d93db9cfb101faae6de1f863a69a497d32add78bab03536130e489","bytes":375611}}
{"source":{"wave":915,"partition":0,"offset":915,"checksum":"c55b594f59aa9f279eb8470798117d0636ff0b9bb9d4f903c5af4fecad688a7f","bytes":375611}}
{"source":{"wave":916,"partition":0,"offset":916,"checksum":"67a2db0a690ec53204a3539030ca12af6cecc042ab9bc210407398d45c952bf2","bytes":375611}}
{"source":{"wave":917,"partition":0,"offset":917,"checksum":"7e8b5dcaec9e5c5122ca9a0ff2b6b381c4d228c2106df5d456175fe60f2f23ab","bytes":375611}}
{"source":{"wave":918,"partition":0,"offset":918,"checksum":"e10108f650358d10f12c052781b689d2adef309b33fd1ef5d3d79265b197cd9e","bytes":375611}}
{"source":{"wave":919,"partition":0,"offset":919,"checksum":"80aaa65be778bc2ecda78711dba9597d23ad67103b7e7a012d42e7d9fe7aae0e","bytes":375611}}
{"source":{"wave":920,"partition":0,"offset":920,"checksum":"c0902e267c0d18cefcb7bd44574e03cb82ea37a346139fb85680b5c713bde15d","bytes":375611}}
{"source":{"wave":921,"partition":0,"offset":921,"checksum":"5623dd7bbed79839ee521fa2728b17fb1d0c832459a96a3fa2b63194e66ac5c8","bytes":375611}}
{"source":{"wave":922,"partition":0,"offset":922,"checksum":"14e6f19988a489b6120a35be5d8c202c218aeee1249593d00f587ce1df62537b","bytes":375611}}
{"source":{"wave":923,"partition":0,"offset":923,"checksum":"ad0fcf14d10281162156d2db76cd94d89c1f9a2593ad1ffe347ae8d18dbc1709","bytes":375611}}
{"source":{"wave":924,"partition":0,"offset":924,"checksum":"f2d64ad523588ede0319ff10b865cb822b94231a2ca07a093c63ac7654d57543","bytes":375611}}
{"source":{"wave":925,"partition":0,"offset":925,"checksum":"c7bc68344620f1d3eb8978b8115ae396318fde76c3ebf93cdf2af40f262b7504","bytes":375611}}
{"source":{"wave":926,"partition":0,"offset":926,"checksum":"15e8b055c1672bebe06f20ed4642001eca970df1722b65faca25b53ed44f3da4","bytes":375611}}
{"source":{"wave":927,"partition":0,"offset":927,"checksum":"06ffcf7aa9f952c02ac379028a1b1ecb2795ec6879e1433dc9971a72e7c42f60","bytes":375611}}
{"source":{"wave":928,"partition":0,"offset":928,"checksum":"82d479a3f995177ce7e64a003896721334795218ce98b357a0c6f20374d18c92","bytes":375611}}
{"source":{"wave":929,"partition":0,"offset":929,"checksum":"4c80624e08fe48d1976805c773f28c8f8e7c6eaeb8216b59ff52c171117411b9","bytes":375611}}
{"source":{"wave":930,"partition":0,"offset":930,"checksum":"ddfefb9cdc31c3b050c391d02ba8bcab2dac976e1558906fc2de3db75ebbbff6","bytes":375611}}
{"source":{"wave":931,"partition":0,"offset":931,"checksum":"bb19e2bf5eb9b6760306c1fb9c7c0b4e1e16683648de777f6afd436c9d3e3357","bytes":375611}}
{"source":{"wave":932,"partition":0,"offset":932,"checksum":"433b475d86a7471cc017cdc2f8962341bbfc2dfcc39aed67a0337a0783576ecc","bytes":375611}}
{"source":{"wave":933,"partition":0,"offset":933,"checksum":"f87d74f9545bbd3b55b43332cb89798dfed6d501bd9bba003da9dc80bca9e378","bytes":375611}}
{"source":{"wave":934,"partition":0,"offset":934,"checksum":"947e4969d1acf85f757a39bd971ac03560c1c1f4775bc24f22398860744c9282","bytes":375611}}
{"source":{"wave":935,"partition":0,"offset":935,"checksum":"f309d3093978b2532c9fcf2b5f25b738636612ed99de17c55c6e5086544f74ef","bytes":375611}}
{"source":{"wave":936,"partition":0,"offset":936,"checksum":"538bb9e11341af56167825d80e86c8fd559e63bdccc9fa74271e75b3b2fbb7fd","bytes":375611}}
{"source":{"wave":937,"partition":0,"offset":937,"checksum":"b97b881cfb90340a4c6c815e10435d9d3884d2787aa1963c093be89bf1fb89c8","bytes":375611}}
{"source":{"wave":938,"partition":0,"offset":938,"checksum":"32bcaeafbdceaecdd73c801d7c06a5c4be12db901bb5c7e684b90873c3570f4f","bytes":375611}}
{"source":{"wave":939,"partition":0,"offset":939,"checksum":"45bc9d96f6dea05e5ac05dcead60d696ba4a714c292b88e17af0af92a2cc8e62","bytes":375611}}
{"source":{"wave":940,"partition":0,"offset":940,"checksum":"ae78e95679ccc539bf061f1f3f76dae94298e950ee66b68642aedf5790017a20","bytes":375611}}
{"source":{"wave":941,"partition":0,"offset":941,"checksum":"6650187f225071bc78839839ce2ce2396072f9fa445635337055ef72da0a09b0","bytes":375611}}
{"source":{"wave":942,"partition":0,"offset":942,"checksum":"28096a7c4f3f88aed93605b137bff456aefcb93f5f62a78fe0d3a33ad399dfe3","bytes":375611}}
{"source":{"wave":943,"partition":0,"offset":943,"checksum":"a8d9050452a7fe82d2ee56e19df07f0053d0c874e284dbcab41fd4fb8b4abc96","bytes":375611}}
{"source":{"wave":944,"partition":0,"offset":944,"checksum":"6b7392b8dab0e9bfdd6a1be4a84284d3f448d15087a643e9b3996929a3f1506f","bytes":375611}}
{"source":{"wave":945,"partition":0,"offset":945,"checksum":"2b4b9e7d1cbbe300cbf724ca9f43d3af74ad4bddcf33b5a087b78060711049de","bytes":375611}}
{"source":{"wave":946,"partition":0,"offset":946,"checksum":"6ca82a68de77a0fbe205f67a20dcaed7742ee47a909bb603a922fbd1638eab7c","bytes":375611}}
{"source":{"wave":947,"partition":0,"offset":947,"checksum":"50a956dbe1b06cca04aad75a1595d94c7b749b75bcc2ae5883da9c976ca45adb","bytes":375611}}
{"source":{"wave":948,"partition":0,"offset":948,"checksum":"5453d84d0e4bb8cc2493438ada4233173f0e962d7c6f861e3845170ec14654ad","bytes":375611}}
{"source":{"wave":949,"partition":0,"offset":949,"checksum":"8ff4a8ba5bbf3c0bfd902cc8a6ee14b1638249ee2ef7aaaf166e9dca69fc4512","bytes":375611}}
{"source":{"wave":950,"partition":0,"offset":950,"checksum":"466076048a9f4174d5603c7671fd2f166e6cad28e2464bde6291e05e04af387d","bytes":375611}}
{"source":{"wave":951,"partition":0,"offset":951,"checksum":"b34b9c1a12a7dc450b8e97a44d2a54c890fa6ba9e1d3f25ca296cd7a242c4a8a","bytes":375611}}
{"source":{"wave":952,"partition":0,"offset":952,"checksum":"6abe731e5932a52d1bd62dc9a3bf3fa4472e935df141ae4695a203f0e770e0d7","bytes":375611}}
{"source":{"wave":953,"partition":0,"offset":953,"checksum":"26ba033cfe2b7fedcac216a499e2b55950587948e6c4813feda63d99e3dcb565","bytes":375611}}
{"source":{"wave":954,"partition":0,"offset":954,"checksum":"3eb7f53290b1eb9a3fa4816330555b5e73765be0a95f19890a556f7b61c3a8f6","bytes":375611}}
{"source":{"wave":955,"partition":0,"offset":955,"checksum":"1b7472e42d33c9e14f2d98682ad961805dc065cca6a0b6f2a4930d2b2850d875","bytes":375611}}
{"source":{"wave":956,"partition":0,"offset":956,"checksum":"83dfe79f1e12fb77b1b4e461698e7ff71c244f09702b1b9522cb6d92ab814727","bytes":375611}}
{"source":{"wave":957,"partition":0,"offset":957,"checksum":"41c003d6d28a7153a582646ff126efe76b79d091623fc9d85ce545a5cade61d5","bytes":375611}}
{"source":{"wave":958,"partition":0,"offset":958,"checksum":"d88b98f4927535d732acd4ae99a4df862bb5d012b864dd81a372551941413bcd","bytes":375611}}
{"source":{"wave":959,"partition":0,"offset":959,"checksum":"67ab74bb2f1c33ba4e39ee829b1342c7c0ffcf25e887e5792109246d407ab342","bytes":375611}}
{"source":{"wave":960,"partition":0,"offset":960,"checksum":"6ceb45ddd03015f42720548d5c7519ea8200cdaa29678a0dbe40a851bd7cff05","bytes":375611}}
{"source":{"wave":961,"partition":0,"offset":961,"checksum":"15c9a03b6b7e1f06beb58d71d3aa3ec641cd477dcb46ec2ea8edfb0489e8c6da","bytes":375611}}
{"source":{"wave":962,"partition":0,"offset":962,"checksum":"d372d6a4b113ce085fccc31fcfdd80eaf20a0fca26a1e4a564414ba03db4c208","bytes":375611}}
{"source":{"wave":963,"partition":0,"offset":963,"checksum":"3ded6e2b1cdc42f711d18e536213c6d25517907e679ae42b1ffd0cd187f20c68","bytes":375611}}
{"source":{"wave":964,"partition":0,"offset":964,"checksum":"4eec60ec1f87591b6a0d8e4d61bdad072aae7c26625b4c3c76655b3f14307d66","bytes":375611}}
{"source":{"wave":965,"partition":0,"offset":965,"checksum":"f0654238e71ee5a5f70fd5c37d1ffacb6859d1389222193e693d601893f1005c","bytes":375611}}
{"source":{"wave":966,"partition":0,"offset":966,"checksum":"4ec973bdad5e9155e3f57161fb44f763fc4f4b588d93f877c99da7bec3f883e7","bytes":375611}}
{"source":{"wave":967,"partition":0,"offset":967,"checksum":"8436969e4ff9e63d9c508761ff423dd65365dc9dcd4f7b03186ea99cb13d7be0","bytes":375611}}
{"source":{"wave":968,"partition":0,"offset":968,"checksum":"f57b1fdf452046e53322ec88053497081e3f802bf9e803adc141dc431f1d5e20","bytes":375611}}
{"source":{"wave":969,"partition":0,"offset":969,"checksum":"bb5d4f62c1c7c0b632abfc765fa7015f5fadf2c22b42bccc279cb1c35d04ec27","bytes":375611}}
{"source":{"wave":970,"partition":0,"offset":970,"checksum":"95b7971aefbdfeef74c4d3ed77a9bc275995ee066024beb2d6d23df588e82906","bytes":375611}}
{"source":{"wave":971,"partition":0,"offset":971,"checksum":"a126bb32588094fd92bdaa309292b35cec17053fc41f264d8311ba42098d9a37","bytes":375611}}
{"source":{"wave":972,"partition":0,"offset":972,"checksum":"346279b52f7731295df777d00a320be3fcc8a11a029be29cf16bb0ab9b77d29b","bytes":375611}}
{"source":{"wave":973,"partition":0,"offset":973,"checksum":"ac45bdb511c9779e7a029fc4e04a6c2b413e53b8764835db6a411b17a03f311b","bytes":375611}}
{"source":{"wave":974,"partition":0,"offset":974,"checksum":"b0fc9e0a26b25840210e40044ebd6b8aa49cd789542a80f4439c7623bc498655","bytes":375611}}
{"source":{"wave":975,"partition":0,"offset":975,"checksum":"66d036ca38efc4a8706b621b0854ade88f1fc9f3d0b75e0fabae5b484ded6881","bytes":375611}}
{"source":{"wave":976,"partition":0,"offset":976,"checksum":"6ee8384f321fc59ef76c04bc34d8b32dbd4a441c65bc92db2947d3595a93c46b","bytes":375611}}
{"source":{"wave":977,"partition":0,"offset":977,"checksum":"ab5afdfaa8d02d33240f16c56938723938efa6e0f39a18a9ac6097dcc8a0998a","bytes":375611}}
{"source":{"wave":978,"partition":0,"offset":978,"checksum":"0b2aaa16addf15a400921aad05cbdfe224a2880a62dea2ddd4bf214e9aab5b37","bytes":375611}}
{"source":{"wave":979,"partition":0,"offset":979,"checksum":"4bf0e290b0ac86dda994f687f2de30539ea3625b4e18c4e54002433458c468f4","bytes":375611}}
{"source":{"wave":980,"partition":0,"offset":980,"checksum":"841ca415a626b9a10340311a04669cc78242a3f919215bf39150b019e337e16f","bytes":375611}}
{"source":{"wave":981,"partition":0,"offset":981,"checksum":"9c5f347e3c2bbe5b16e66c4b855aa3be838aef4d399373065c7f71b8ded76695","bytes":375611}}
{"source":{"wave":982,"partition":0,"offset":982,"checksum":"25803390a630a91a5d7cb9e527357a35f0ef9e677f54a99d03fd2421bb528acf","bytes":375611}}
{"source":{"wave":983,"partition":0,"offset":983,"checksum":"a5b03517f458d2377267e1849d1fe6fa9c3adeb320729014a6c8b15b8e160ff0","bytes":375611}}
{"source":{"wave":984,"partition":0,"offset":984,"checksum":"5e0c6c89668e54c53d9368962a89af8dac583c97f3568a6ec190a4df30e11fa1","bytes":375611}}
{"source":{"wave":985,"partition":0,"offset":985,"checksum":"732cd0c396856f0a37d6aaddc622d9c8bf65c956630745bea7cac44b8682196a","bytes":375611}}
{"source":{"wave":986,"partition":0,"offset":986,"checksum":"bdab15113683a5a4fdd21546e95f4ab615233605678a39696383a811a188ec44","bytes":375611}}
{"source":{"wave":987,"partition":0,"offset":987,"checksum":"bec7c97c5c30d35c269e95631e1855b050d3854bb206a264ee3a58d78e08983b","bytes":375611}}
{"source":{"wave":988,"partition":0,"offset":988,"checksum":"9faa75b5d27e7c1ae0d0912e64c95999d3502da7bbd72ad6d7a0670bd4710b76","bytes":375611}}
{"source":{"wave":989,"partition":0,"offset":989,"checksum":"9be6f1937428221d69594e250269f937267dfa093e71b5685ccee398a4dd5023","bytes":375611}}
{"source":{"wave":990,"partition":0,"offset":990,"checksum":"b89eff0c6a9b5ffd02ba1aeedafbb26b8d24155f5ffb14a9e3b3c439710579d8","bytes":375611}}
{"source":{"wave":991,"partition":0,"offset":991,"checksum":"961bada5d9e620d9074b801d3b7fd156bf155334f566738c98ef8e87fb45cdfc","bytes":375611}}
{"source":{"wave":992,"partition":0,"offset":992,"checksum":"164c940cbf3d681caf4939f004579ebf5ead67d2e60897ad1dd61e3fad55f486","bytes":375611}}
{"source":{"wave":993,"partition":0,"offset":993,"checksum":"88bb691fe8e1ed85ccd5dc861153ec5ca83c7b7984f2fdf7f50f05e0d98accb9","bytes":375611}}
{"source":{"wave":994,"partition":0,"offset":994,"checksum":"b231d6e0e3161df2585f7fc8afc89e1631240416b29b26e9833a816958593f2b","bytes":375611}}
{"source":{"wave":995,"partition":0,"offset":995,"checksum":"20f0882d5effe470f1f06791c3f8a90cbcaa00baf81dcb698fbd3aa914e7dba1","bytes":375611}}
{"source":{"wave":996,"partition":0,"offset":996,"checksum":"4d599e18092b4e60ef8262f607d9b6c065f6c089cfdd0bd6ade8eb18c54cf84d","bytes":375611}}
{"source":{"wave":997,"partition":0,"offset":997,"checksum":"b41c79763c397a87123447135b2d8f9c4408ffec3e533e43caf06effe5fc66f6","bytes":375611}}
{"source":{"wave":998,"partition":0,"offset":998,"checksum":"42e71a18dd2aff695d5a78df388e22ff234c33ee79fc88d6ff0c22b9a09006b8","bytes":375611}}
{"source":{"wave":999,"partition":0,"offset":999,"checksum":"37dd4c84dfa29bf0cec2b773c4f78928919235402f9c3b867927836b33a69489","bytes":375611}}
{"startedEpochMs":1790820589891,"paceWavesPerSecond":0,"waves":1000,"trades":100000,"bytes":375157676,"elapsedMs":10222}
SLF4J(W): No SLF4J providers were found.
SLF4J(W): Defaulting to no-operation (NOP) logger implementation
SLF4J(W): See https://www.slf4j.org/codes.html#noProviders for further details.

{"mode":"measure","prefix":"p2-cap-156d616c-hot","args":[100000,120000],"code":0}
OBSERVER_READY
{"window":{"elapsedMs":5044,"records":30095,"rate":5965.801802281431}}
{"window":{"elapsedMs":10129,"records":91211,"rate":12019.451959620199}}
{"result":{"startedEpochMs":1790820600692,"expected":100000,"records":100000,"unique":100000,"duplicates":0,"identityChecks":true,"outputBytes":209455000,"elapsedMs":11243,"activeMs":8991,"durableRate":11121.32476153802,"pass":true,"windows":[{"elapsedMs":5044,"records":30095,"rate":5965.801802281431},{"elapsedMs":10129,"records":91211,"rate":12019.451959620199}]}}
SLF4J(W): No SLF4J providers were found.
SLF4J(W): Defaulting to no-operation (NOP) logger implementation
SLF4J(W): See https://www.slf4j.org/codes.html#noProviders for further details.

{"mode":"paired-oracle","prefix":"p2-cap-156d616c-hot","args":[100000],"code":0}
{"result":{"sourceTopicId":"EpW9fsmySZiwhUp_3gI63Q","partitionSha256":{"0":"feb82731f9790b23dfb89641ef8a279b1a3ea997b27692ad61b038b6375f0138"},"records":100000,"expected":100000,"fullFactParity":true,"orderedUnique":true,"pass":true}}
SLF4J(W): No SLF4J providers were found.
SLF4J(W): Defaulting to no-operation (NOP) logger implementation
SLF4J(W): See https://www.slf4j.org/codes.html#noProviders for further details.

