{"mode":"init","prefix":"p2-cap-4c565d6d-hot","args":[],"code":0}
SLF4J(W): No SLF4J providers were found.
SLF4J(W): Defaulting to no-operation (NOP) logger implementation
SLF4J(W): See https://www.slf4j.org/codes.html#noProviders for further details.

{"mode":"paired-seed","prefix":"p2-cap-4c565d6d-hot","args":[1000,"hot"],"code":0}
{"source":{"wave":0,"partition":0,"offset":0,"checksum":"889205b91e6409b5dcf45dd707a86e125b390b4c11ff06b8ac03e0cbf03b5392","bytes":368693}}
{"source":{"wave":1,"partition":0,"offset":1,"checksum":"f36ec648287910c75fe592fb293b262f66448c816e3342a30f04f8e71460e1b1","bytes":368803}}
{"source":{"wave":2,"partition":0,"offset":2,"checksum":"dac81eb95cc140e3fa0490a60296642d89e53249c41ecd54c7739f4ee3538a78","bytes":368803}}
{"source":{"wave":3,"partition":0,"offset":3,"checksum":"cf59c981387ba756155ccf24b09120f3dfaccb02c0d729dd3d4786ea943838c6","bytes":368803}}
{"source":{"wave":4,"partition":0,"offset":4,"checksum":"428ce7acb8d3d9362a0cd5586642f624143cfd477f20393138f7a189bd5d38a6","bytes":368805}}
{"source":{"wave":5,"partition":0,"offset":5,"checksum":"3ec032c66f874b1ca37644c81b1c35e15d3aa40bcf235e64b0331929a6503ad9","bytes":369005}}
{"source":{"wave":6,"partition":0,"offset":6,"checksum":"401a8f62bd04a24301414a639245f3901aff8e698c501c30e940ef0700563d00","bytes":369005}}
{"source":{"wave":7,"partition":0,"offset":7,"checksum":"5973887c425e7edf29d4fd81d04127434a3020faa0af11ccd9a10673b672f1e4","bytes":369005}}
{"source":{"wave":8,"partition":0,"offset":8,"checksum":"cc678f31c5de9432f01cc061460ef0ec8a40fdd67793d3267485f137742ee4d7","bytes":369005}}
{"source":{"wave":9,"partition":0,"offset":9,"checksum":"f5347f4a8a39fce381d7805bd33fa1d7b9e18ed966d0b38a0eaf609b9d3ecde3","bytes":369005}}
{"source":{"wave":10,"partition":0,"offset":10,"checksum":"1a052894d78530905aeb8f8a609a94ec7701d552d2473867d608800e31d78bac","bytes":372106}}
{"source":{"wave":11,"partition":0,"offset":11,"checksum":"cf39dbdf5ca297656b0637fd0a9a90d0945e5d577c52521fb9e5cf839665f98b","bytes":372106}}
{"source":{"wave":12,"partition":0,"offset":12,"checksum":"423220f76806be83f3215ac1e1193985df9bef834943c7870d6670550a1c721f","bytes":372106}}
{"source":{"wave":13,"partition":0,"offset":13,"checksum":"0cf99cc6dcf11c5f683b7cabc47c3aa3d1d87981b4b8ba099ac538702fc18b3e","bytes":372106}}
{"source":{"wave":14,"partition":0,"offset":14,"checksum":"861f69dc0b4e0a1b892086a835aa2b91384397cdf799afd21a80bb56e4a3ef75","bytes":372106}}
{"source":{"wave":15,"partition":0,"offset":15,"checksum":"0aa0b9b9d6728a378ba873756ff048cedacda608540a02141b854df90708028d","bytes":372106}}
{"source":{"wave":16,"partition":0,"offset":16,"checksum":"2ca124c3868c608a102e28100ab6acde92928e9eff1cd6603afe1a7bc6810d36","bytes":372106}}
{"source":{"wave":17,"partition":0,"offset":17,"checksum":"d220fcb3282494c21b1c06e94584374c7d3586aa11b63341318c9667924eb8e8","bytes":372106}}
{"source":{"wave":18,"partition":0,"offset":18,"checksum":"ca850c3004dce9126eecaacc1d1092dd0b3a045a162ed989f537d3b6cccd1348","bytes":372106}}
{"source":{"wave":19,"partition":0,"offset":19,"checksum":"21f9abaf9a435ef028a4ef5629391ea9a4c421f43383887ab36278e500fc6b77","bytes":372106}}
{"source":{"wave":20,"partition":0,"offset":20,"checksum":"75e4afed93fb2f07f4228ff89ed8e42297a1c73fb52600d65d01d05a71f5ef05","bytes":372106}}
{"source":{"wave":21,"partition":0,"offset":21,"checksum":"a6bc0c50d682ded72f7f33ad7f3635625baa35a2d8e74325040e7502832179c8","bytes":372106}}
{"source":{"wave":22,"partition":0,"offset":22,"checksum":"55a4d24ada8ff1158b3557d35bc2b35322313e50de418fd9038585f570a05ea2","bytes":372106}}
{"source":{"wave":23,"partition":0,"offset":23,"checksum":"94cafb3e5b47751a460a071d6920f7218e742789210568cf43fab270b4eff0bc","bytes":372106}}
{"source":{"wave":24,"partition":0,"offset":24,"checksum":"edc9bf9a0631a4cbd74278c5a4eaf102874dece160a94542f244df1d116f291c","bytes":372106}}
{"source":{"wave":25,"partition":0,"offset":25,"checksum":"36e7e5dfe996960c764536e17f13ffd12817345fdbae3a50f5aa109e611f4224","bytes":372106}}
{"source":{"wave":26,"partition":0,"offset":26,"checksum":"fc48dc78aa2f45b1b8f11158a668601c9ec108c08df7317105e5abdc10e859d5","bytes":372106}}
{"source":{"wave":27,"partition":0,"offset":27,"checksum":"677ec479caecf81f58b66ef455f9fbf9015d5a5e33ad3ea8450dfef14bdba54a","bytes":372106}}
{"source":{"wave":28,"partition":0,"offset":28,"checksum":"deb4f7e49670dd8b78c759d0337314ee1d28ff58bb55abffbcd36da9f039df14","bytes":372106}}
{"source":{"wave":29,"partition":0,"offset":29,"checksum":"7a5049bd5804c8e33edbdd56ee33e8b96fadef41b9e007003f747994959b9295","bytes":372106}}
{"source":{"wave":30,"partition":0,"offset":30,"checksum":"0480e3f815472e5f0d11543d6f88b548dd767a334894bc03e58d6b41872b8e36","bytes":372106}}
{"source":{"wave":31,"partition":0,"offset":31,"checksum":"061398dc8164a42af2af11994c0ffa9f72294924a866d91836ce11e963cb77cf","bytes":372106}}
{"source":{"wave":32,"partition":0,"offset":32,"checksum":"e5d21833a4bbbbeb683dc44342e950f25b216e715f5168fcf6ff87953188947f","bytes":372106}}
{"source":{"wave":33,"partition":0,"offset":33,"checksum":"e49b55b3f67d702452924a8e0b3602f38de5fc64858294358a2338fd0029bcba","bytes":372106}}
{"source":{"wave":34,"partition":0,"offset":34,"checksum":"b96d81e7d317959169f99d84412e831c37c446898b96ac6bfe754d56629a1f3e","bytes":372106}}
{"source":{"wave":35,"partition":0,"offset":35,"checksum":"2215e5d5726fc93ede414b61ff5a8ba60da79121b4d7017d5f4b3799bb516b16","bytes":372106}}
{"source":{"wave":36,"partition":0,"offset":36,"checksum":"30cb983f6cb2e31828c4340b03123db2026e4e20cba2ca889e78fc75e2d28f4b","bytes":372106}}
{"source":{"wave":37,"partition":0,"offset":37,"checksum":"c792bef7db378ffbd39ec96b0c0f891f67981725fe93b19010a4181709ca89ce","bytes":372106}}
{"source":{"wave":38,"partition":0,"offset":38,"checksum":"ab4c3700dbc8d941738a3e27e75fdb8e2751495ee21d9c45e82f338e52cfc8d4","bytes":372106}}
{"source":{"wave":39,"partition":0,"offset":39,"checksum":"8ae34bb2783672695b7a8791047bda2b39361fbd0a1951c4350f74f1f4b390e4","bytes":372106}}
{"source":{"wave":40,"partition":0,"offset":40,"checksum":"556360ec8f253919bf6f5baabe045761b71241e9c065523f1be0cd45032ebd33","bytes":372106}}
{"source":{"wave":41,"partition":0,"offset":41,"checksum":"d8f159f8e12636e0556e6a0deb0e52289f1a270e3c017e7878debaa15253336a","bytes":372106}}
{"source":{"wave":42,"partition":0,"offset":42,"checksum":"a4dcd68957828a3295c3d9782b4d9a42a5c031747b46a64c7fc9bb902860bb3f","bytes":372106}}
{"source":{"wave":43,"partition":0,"offset":43,"checksum":"c0b37fed1565056def5cf2a9fa32c0faf8f94bf1cab5fa5ddf5298f57f114c1c","bytes":372106}}
{"source":{"wave":44,"partition":0,"offset":44,"checksum":"ef2d2cd187fb5fce2f437be73634c87b994232dbcc7f570a1719f59cfdee5be5","bytes":372106}}
{"source":{"wave":45,"partition":0,"offset":45,"checksum":"55a688975dce3f76f17328323d8c6cd1eaeeaa1d436c33999b898994b7898d9a","bytes":372106}}
{"source":{"wave":46,"partition":0,"offset":46,"checksum":"dd1b60d03b28b58cc56b3617ac2fc75f94966fb2ec7b130215092f54e46e977b","bytes":372106}}
{"source":{"wave":47,"partition":0,"offset":47,"checksum":"2fbef9eb71483a4d8753d62222dab44330db87048c9547810e10c79f2c6aa25a","bytes":372106}}
{"source":{"wave":48,"partition":0,"offset":48,"checksum":"af97b2a4e6508f9e529a6c51c09442254ca6c8d665c8af30f3df36a087a5f5ae","bytes":372106}}
{"source":{"wave":49,"partition":0,"offset":49,"checksum":"165c80c307c18b419a259a96792a27cf6e840060f796f6bb2db2f8d609731dc5","bytes":372108}}
{"source":{"wave":50,"partition":0,"offset":50,"checksum":"85ed37f0ecac36624d3e1f6f2b6134afa776e6386db6370bcd3abfaf0d04a22a","bytes":372308}}
{"source":{"wave":51,"partition":0,"offset":51,"checksum":"4e8defe330b3fbe90d6cfbe7362d05c0bc4d64f8ce43a9b3d2d16534acd07e31","bytes":372308}}
{"source":{"wave":52,"partition":0,"offset":52,"checksum":"f2816c582dcc1ff1f46f3db45da9e26952922f807bf086a4d41673c5e4085095","bytes":372308}}
{"source":{"wave":53,"partition":0,"offset":53,"checksum":"826729a45e507869555a658da31fdcc5739569769364b75800f9ed18ad876146","bytes":372308}}
{"source":{"wave":54,"partition":0,"offset":54,"checksum":"417fa8de589cdc3845a6693774bf15d683aace8e134a88171a858b92a80d34e8","bytes":372308}}
{"source":{"wave":55,"partition":0,"offset":55,"checksum":"299769fca9fc31fdfe49b0d5d7d0fc17f0428d290c5ba7bd34752ad03720b120","bytes":372308}}
{"source":{"wave":56,"partition":0,"offset":56,"checksum":"554170014e4ddd3ecea9c928465a7c11ddc4743ce9bb8e04f69aec287f7d64b2","bytes":372308}}
{"source":{"wave":57,"partition":0,"offset":57,"checksum":"f6a62af10e82669290ab47efa45637e6435d6974309f44f16d35eba215d2230b","bytes":372308}}
{"source":{"wave":58,"partition":0,"offset":58,"checksum":"0277978b4252da85232a860a997a2729e4bd6ffd27ef874302c04553d21e8ffb","bytes":372308}}
{"source":{"wave":59,"partition":0,"offset":59,"checksum":"3155fb480ceb1790671984109472e3a9006b59aa3521901b0b4c910f8634732f","bytes":372308}}
{"source":{"wave":60,"partition":0,"offset":60,"checksum":"378152c21480930f0df3e7dcdb938f509e01240080313b9fdf95e5930d5a9160","bytes":372308}}
{"source":{"wave":61,"partition":0,"offset":61,"checksum":"87899d01dba58fa8363e036c9e2909e5c16c6dad07657de058717154c4456fe3","bytes":372308}}
{"source":{"wave":62,"partition":0,"offset":62,"checksum":"626d7c3e480ae96cf28a41e547e7f350bfc68d045c734f43d985f181bb3d8b3f","bytes":372308}}
{"source":{"wave":63,"partition":0,"offset":63,"checksum":"9ba9515d181d6c50a08bbc2aad13f949df38f3c818dd9c5b933931068b6a4620","bytes":372308}}
{"source":{"wave":64,"partition":0,"offset":64,"checksum":"22d77b477011c7846b73b5cd89776bfe867ce46996201f7ab65bf9d0b8cddc8e","bytes":372308}}
{"source":{"wave":65,"partition":0,"offset":65,"checksum":"d4b364f3b6390c2679fc96c0042b5e2492e87752fc70cdfb70174e4152c4ed65","bytes":372308}}
{"source":{"wave":66,"partition":0,"offset":66,"checksum":"c9ba4c53b968d97b22e4208e2a1b2c180d8cffd76f43f79357d4ca3e1745ae8d","bytes":372308}}
{"source":{"wave":67,"partition":0,"offset":67,"checksum":"c2b41b87656fe7c804e2d2979c2190fe6a1c93746f3f64fde83b77aae915bcd5","bytes":372308}}
{"source":{"wave":68,"partition":0,"offset":68,"checksum":"46fe183ac3a75788a1435c072fdf31d5c3022b1fb35838412493d760f49b1864","bytes":372308}}
{"source":{"wave":69,"partition":0,"offset":69,"checksum":"b891180f01508897ae790aca05703c7f35176a812eff1b256293bec3492ac9b0","bytes":372308}}
{"source":{"wave":70,"partition":0,"offset":70,"checksum":"d1b69c534ca1c4b3c329d1d521bc9a819e6ed136a7fc4e0b257ce1346854f903","bytes":372308}}
{"source":{"wave":71,"partition":0,"offset":71,"checksum":"40ba22356e8e42d29e29a7e3a798662e3fecf782de2aef2bca58d20abe43d597","bytes":372308}}
{"source":{"wave":72,"partition":0,"offset":72,"checksum":"0f4af08473673e2b4ee28ff3bd58ef0b2e16ee146ef326371ba7e83f1deb5c25","bytes":372308}}
{"source":{"wave":73,"partition":0,"offset":73,"checksum":"7f434a8bddf574eec3b7ec06b58d519caa6a68a0814a6ee8bb498ec8b0f76790","bytes":372308}}
{"source":{"wave":74,"partition":0,"offset":74,"checksum":"bf9f4f54a8b7cdd5055ff27f43a684e6346558dfc9236cbaf167ab5f3028bc2b","bytes":372308}}
{"source":{"wave":75,"partition":0,"offset":75,"checksum":"ab0300ce90546e30c99b32e23772886411995d9b037898ffba9313f6b164222b","bytes":372308}}
{"source":{"wave":76,"partition":0,"offset":76,"checksum":"3d11b858776fd89b131aa52487985ef79ad36743778c45f99f05479a6c2e4264","bytes":372308}}
{"source":{"wave":77,"partition":0,"offset":77,"checksum":"244c794ffba4a257f3d3e4016ce86273f0468731dba9a5a5afda68e3608d111b","bytes":372308}}
{"source":{"wave":78,"partition":0,"offset":78,"checksum":"a78141a7248e9cd065b67267d309351b2508db62e72cd2d60dfebd68a3381bb7","bytes":372308}}
{"source":{"wave":79,"partition":0,"offset":79,"checksum":"26f374f875a063c054229c466940e0e710c063b6547f9c5f5a74e8bc2eaeba5e","bytes":372308}}
{"source":{"wave":80,"partition":0,"offset":80,"checksum":"98e42742ad2b054a8e8d86a016b1c74ed3b97e21ee8a09de97f0002ca852b4f8","bytes":372308}}
{"source":{"wave":81,"partition":0,"offset":81,"checksum":"840d937f0ca8e332e6fbb4087d86223567b851889936279d3f9a7352eb7a3852","bytes":372308}}
{"source":{"wave":82,"partition":0,"offset":82,"checksum":"dbcb6c587d9cb4bc97bb3ede8c3f5162c41afcb2f842532d813eacb6281bed6f","bytes":372308}}
{"source":{"wave":83,"partition":0,"offset":83,"checksum":"f96c07d4c9e3ad1467f394a0045a79e18626ec767c12dfa856b7ef1bbec4bce8","bytes":372308}}
{"source":{"wave":84,"partition":0,"offset":84,"checksum":"5aad34a55a1f844ea7a3d2c86eee1f57431ac32210a06f7ab2f151ee348da6ef","bytes":372308}}
{"source":{"wave":85,"partition":0,"offset":85,"checksum":"c103ef6d70b9f730c019eb2c67710388372e0e5be966ca826a362a2f0070e34a","bytes":372308}}
{"source":{"wave":86,"partition":0,"offset":86,"checksum":"e9bed202c2620dbb9a2cc85a944cefa3c1c8b1975849609ac251615eaabe8003","bytes":372308}}
{"source":{"wave":87,"partition":0,"offset":87,"checksum":"e986f9371b7be53f3a1b693944c9e0d3608cce80f8ed376fd02ba42dc25b6683","bytes":372308}}
{"source":{"wave":88,"partition":0,"offset":88,"checksum":"6a98d87b83bfb3bf68b158011c7b0d5c7c0d5820c04386e3060123156a962385","bytes":372308}}
{"source":{"wave":89,"partition":0,"offset":89,"checksum":"14d5136ca8762c7594bd36051e8e347082423fbfca44ba8b9a0c0c8558c75d02","bytes":372308}}
{"source":{"wave":90,"partition":0,"offset":90,"checksum":"eb67f2df8000f3fcb77106e91d560cde40d672748043ce95b2d90c6c2861b825","bytes":372308}}
{"source":{"wave":91,"partition":0,"offset":91,"checksum":"0c9a1bb52568276e09ec4ff2dbc8ca39454ae7aed3e7ae448b245a7d0e4ffe1e","bytes":372308}}
{"source":{"wave":92,"partition":0,"offset":92,"checksum":"850ad1bb4ce9b130ac0cc968380503db7c3dc837effd58303c3ca669bc931ba1","bytes":372308}}
{"source":{"wave":93,"partition":0,"offset":93,"checksum":"8f4c32037ab5c6608f8035e0500be1c682940c891791f336739eeb25e5d4fb6d","bytes":372308}}
{"source":{"wave":94,"partition":0,"offset":94,"checksum":"c86942a7fe06b6fe9245a05e2825d095a04398eeecff11d1b6a6618f27e45883","bytes":372308}}
{"source":{"wave":95,"partition":0,"offset":95,"checksum":"3c91a472035d9d1fa8b46da3beae20b293506647b13527ec768761786857760f","bytes":372308}}
{"source":{"wave":96,"partition":0,"offset":96,"checksum":"3b8c85b411f8dd73b4fbe7812e2b7ea3984dd8b036333fd05e2cb495328af335","bytes":372308}}
{"source":{"wave":97,"partition":0,"offset":97,"checksum":"2122cae60dd8ae1ea0aecd6f4ed300b43b320d86f0702f3c490b744fcbc0b428","bytes":372308}}
{"source":{"wave":98,"partition":0,"offset":98,"checksum":"78db7f311945145e28789b55b47248af299e2712f5daf6bcbf99ec5afefe95f8","bytes":372308}}
{"source":{"wave":99,"partition":0,"offset":99,"checksum":"4127d3b9fb6560990670f2fe44fa9d41c16e57a95883d246b57feba7a03ccda2","bytes":372308}}
{"source":{"wave":100,"partition":0,"offset":100,"checksum":"c6173976486df6b262811dc479b6b1ba39d40fc3eefe3e593c509591c46c035f","bytes":375409}}
{"source":{"wave":101,"partition":0,"offset":101,"checksum":"0968ea90a37baaa5583954d3e417134e14e088e2706f2e16162dd7dd983844ae","bytes":375409}}
{"source":{"wave":102,"partition":0,"offset":102,"checksum":"80964733f28e0d2ce58a96695d7c116225ebd13537e2d0b66becca5cb2349180","bytes":375409}}
{"source":{"wave":103,"partition":0,"offset":103,"checksum":"a8548b5f8693877c65d964f3bc4c27ef6c6cd94328a6817e0c6ec7f298f09013","bytes":375409}}
{"source":{"wave":104,"partition":0,"offset":104,"checksum":"806f3a768e9c1258c5d350dae0aac34bbbe626f8cb9a5dc814f5df3c28697e62","bytes":375409}}
{"source":{"wave":105,"partition":0,"offset":105,"checksum":"960a1b897093a9e4d585e17a1c489a5bd27362a8d9db6fffbda3edac52dd5a8f","bytes":375409}}
{"source":{"wave":106,"partition":0,"offset":106,"checksum":"2fa034223f33ff1de016ee2f1404d8cec0ec9ae45f9af02c887a771110cd4b94","bytes":375409}}
{"source":{"wave":107,"partition":0,"offset":107,"checksum":"a4c4c964c4e5f49a59e45ed6b613bb067bfac9811276965b2f04c63f1ce9e363","bytes":375409}}
{"source":{"wave":108,"partition":0,"offset":108,"checksum":"7c49c1a48d5db2c23b99ff0dc5e623ebaeb3884451efa3d7c7c50c69dac1cd21","bytes":375409}}
{"source":{"wave":109,"partition":0,"offset":109,"checksum":"4f05973fc1f9788a69e2202e1e3a4cc09e3a0757f2db10892fc9d8afb90b34ff","bytes":375409}}
{"source":{"wave":110,"partition":0,"offset":110,"checksum":"c8493bd505a31f31aaf7138ab3631fbc1e9a71c93de09a231fd9ff8f2b9c680f","bytes":375409}}
{"source":{"wave":111,"partition":0,"offset":111,"checksum":"b5dd0a15e8a86a4d6bc7eb5e25e9dad5e1d2cb982b0fc9def6c7cf7c25b5186a","bytes":375409}}
{"source":{"wave":112,"partition":0,"offset":112,"checksum":"4cd17080c5f0704fa9cc5d44f931d7e8aa71c2b1a2ed79d7964b7598dfc83fd1","bytes":375409}}
{"source":{"wave":113,"partition":0,"offset":113,"checksum":"382ccf2767b15e1d58ac74d7cc88c92903295d2fa8e6698cf800849d284ac3db","bytes":375409}}
{"source":{"wave":114,"partition":0,"offset":114,"checksum":"9ab545820ce1de7785e0e1e38474b5f729650cbc53c15e69513ec304b9b7013e","bytes":375409}}
{"source":{"wave":115,"partition":0,"offset":115,"checksum":"c6da2bd7b48e417d762404b30a84eae5d56e85c3466fadb6e56d843048e0adc9","bytes":375409}}
{"source":{"wave":116,"partition":0,"offset":116,"checksum":"6964d9130d959b15fcd2857a8501040da4cbf332241d5eae1717ec97c26221ff","bytes":375409}}
{"source":{"wave":117,"partition":0,"offset":117,"checksum":"4484bcca2b452d015bffac834304be686544aa1e83728d16df1b00e7e8ca1d08","bytes":375409}}
{"source":{"wave":118,"partition":0,"offset":118,"checksum":"6463fb89ddfa07222770904dd1941dc6b1cd3512d7145b8ddfe320017121957a","bytes":375409}}
{"source":{"wave":119,"partition":0,"offset":119,"checksum":"d08b0e36c91ebc4500118774a7a234649f5676b03a1af19b1802afae5fa3412f","bytes":375409}}
{"source":{"wave":120,"partition":0,"offset":120,"checksum":"28ed7f6944067916314d8965d323dccdc1a433874e0c366c10694819aeba9e77","bytes":375409}}
{"source":{"wave":121,"partition":0,"offset":121,"checksum":"de7d20fa95e4192e1240ea99f67fa21cc8cbbb89655313a5bf98c679ce04b4cd","bytes":375409}}
{"source":{"wave":122,"partition":0,"offset":122,"checksum":"3968190d911e3501d9bc8a47cfceebd12169a6b3688b80b37421ebb0bf4a52c1","bytes":375409}}
{"source":{"wave":123,"partition":0,"offset":123,"checksum":"bb3d9c332e7557972badaad1d5a816a4ffbc14b96652688f9fd6c9eaccf5b0ad","bytes":375409}}
{"source":{"wave":124,"partition":0,"offset":124,"checksum":"107899d7051316a7f06c5b3ef794907032e14dae7d0d0f6aa809812c70d447e8","bytes":375409}}
{"source":{"wave":125,"partition":0,"offset":125,"checksum":"1a3940602ada2d3f461e07bf3406b4bb95a724808c85bde0dd12ea2242dc9733","bytes":375409}}
{"source":{"wave":126,"partition":0,"offset":126,"checksum":"ce94c41bd77f5962ea936a5d12fed1a113e16c9de5386612b9e22344f44446aa","bytes":375409}}
{"source":{"wave":127,"partition":0,"offset":127,"checksum":"06ead871a56ec17f7a6b953143f9c407e76ef5cc9cb1e9b2bf00f2df9a1293bb","bytes":375409}}
{"source":{"wave":128,"partition":0,"offset":128,"checksum":"ad39d1f2b70a013f23b626a4d37170b5a7445e04eed471fc346d4b3200bae9b6","bytes":375409}}
{"source":{"wave":129,"partition":0,"offset":129,"checksum":"9e82f652c4e31a42b1a8975843e219c003541491f8462c1bbbc9eb4a48ec80e8","bytes":375409}}
{"source":{"wave":130,"partition":0,"offset":130,"checksum":"18a6ccca2491a8912ab4a0f0d441212e7caf071d2c89f5f737aafa853d75bf32","bytes":375409}}
{"source":{"wave":131,"partition":0,"offset":131,"checksum":"9c224531648117000609a72a2ef9ad009aceb191e0ea305f8832ce0970cc1239","bytes":375409}}
{"source":{"wave":132,"partition":0,"offset":132,"checksum":"94adcdb9dd15687526804ea62eca6feda286be78df837aac19ed4bf315802e0f","bytes":375409}}
{"source":{"wave":133,"partition":0,"offset":133,"checksum":"2cccdc8a2a8538530436c07dbded968d8e8feeb77080c0af4ade0fb74dbd3993","bytes":375409}}
{"source":{"wave":134,"partition":0,"offset":134,"checksum":"c24e46263fe7ca754ee2aefc60946996cc4f63a5e7f8b2b0bffa301450822d63","bytes":375409}}
{"source":{"wave":135,"partition":0,"offset":135,"checksum":"0a8ef4d13f2f9a54fefa2298a203db351324d293ec0ec7135646b5c0e73fa28d","bytes":375409}}
{"source":{"wave":136,"partition":0,"offset":136,"checksum":"fc8a8519d2f39748853d8054844b1b5c8b5063cf33c96e0a7ce15ebd8f1ae1ac","bytes":375409}}
{"source":{"wave":137,"partition":0,"offset":137,"checksum":"dbd072c512d1b29096ff792852eb259abead74333b53351e984afc79d689600b","bytes":375409}}
{"source":{"wave":138,"partition":0,"offset":138,"checksum":"0c465fa8f758f1f161b9a8a7974af5b8dbc6ff45bfb03efbc853b77b9417b264","bytes":375409}}
{"source":{"wave":139,"partition":0,"offset":139,"checksum":"2e324d0f1e9939c62681eca6586a7a6a45bd6d4352c09140b18d5729eddd75c6","bytes":375409}}
{"source":{"wave":140,"partition":0,"offset":140,"checksum":"833d4f4ecf829758f96e6693fff7f103f022b2e671a78f049d262f94e9c90461","bytes":375409}}
{"source":{"wave":141,"partition":0,"offset":141,"checksum":"75304db7f013d54dbf1f105997a429ccbe7a10e377a9878651fa0d2af434eebb","bytes":375409}}
{"source":{"wave":142,"partition":0,"offset":142,"checksum":"1004f61c9c34a6f6fd777e0a2aeb57f33c08e82e5ffeb9b3f949dcb59f5bd012","bytes":375409}}
{"source":{"wave":143,"partition":0,"offset":143,"checksum":"7c686d5513f9b604c748422aee962723cf3ca583b2787b4ae9a0356e70ead6f3","bytes":375409}}
{"source":{"wave":144,"partition":0,"offset":144,"checksum":"e88133f50eaff4966a3e5930f7ee65f01c9f78b1a0140591b9e8fc3e6853a31e","bytes":375409}}
{"source":{"wave":145,"partition":0,"offset":145,"checksum":"50cb33e65744e5490d537ea18872347b7f7c4f6f00d42c19f2eb510d534f7190","bytes":375409}}
{"source":{"wave":146,"partition":0,"offset":146,"checksum":"23a2b4662748aa9204a5527499690509ad71060fb9ee004a07b96bf1433c59d3","bytes":375409}}
{"source":{"wave":147,"partition":0,"offset":147,"checksum":"70e61c45230a1d32e1ab35e18c0fecb8fc21ad1a6585c50e57411ca22cd7f44b","bytes":375409}}
{"source":{"wave":148,"partition":0,"offset":148,"checksum":"b981376f4026e4f5e8519616d858734efa7f0a9ed1e768c733114bd398511542","bytes":375409}}
{"source":{"wave":149,"partition":0,"offset":149,"checksum":"f6a7e7153e86dea79f8c417c8e9368c3b678b05f85de7070b457c60101ef2c34","bytes":375409}}
{"source":{"wave":150,"partition":0,"offset":150,"checksum":"e80390dd6721850ab4b17be43f562d528d7ce7bbadc288dd99a606e75ed1bbc2","bytes":375409}}
{"source":{"wave":151,"partition":0,"offset":151,"checksum":"63907cc4dc4532d21de8bfb487ec357f5941d022e8ca38aacde25b8e766df7a3","bytes":375409}}
{"source":{"wave":152,"partition":0,"offset":152,"checksum":"fbf7e9c9bbeb548b451949909de96282d3a215f6e81877bce95042c0b0112660","bytes":375409}}
{"source":{"wave":153,"partition":0,"offset":153,"checksum":"74eccc1f2d6e09a75412d341ced8b5205e0e2a0bbede5be1e7e35219a254a5e8","bytes":375409}}
{"source":{"wave":154,"partition":0,"offset":154,"checksum":"3ae08202ceb8bad25ddcbe6030d6c7932e1f625a56007d68ef04f948399d1d58","bytes":375409}}
{"source":{"wave":155,"partition":0,"offset":155,"checksum":"27b8e1d9460b95a60988141734c04c8668e80eb2ce976da68987fa326755333c","bytes":375409}}
{"source":{"wave":156,"partition":0,"offset":156,"checksum":"46cc4981dc633a3732247a7efc62a377be2060a7c95f1d2e7b6358bc3ca15703","bytes":375409}}
{"source":{"wave":157,"partition":0,"offset":157,"checksum":"65fdb30e3da7c154786ed3bf8b059796344908661b774e7aa1c15333fdd2ac43","bytes":375409}}
{"source":{"wave":158,"partition":0,"offset":158,"checksum":"d252197453bec9e93cc33af899095edb901454d8b504a7e36262a20bb23bb524","bytes":375409}}
{"source":{"wave":159,"partition":0,"offset":159,"checksum":"23cba92573656fb6856bbec8887d16025c00de35b055734bc5b192df444b688d","bytes":375409}}
{"source":{"wave":160,"partition":0,"offset":160,"checksum":"be19308140051aa9477f72ba63b065469ab1cbdbe4ab4a186ee838eb2e201d82","bytes":375409}}
{"source":{"wave":161,"partition":0,"offset":161,"checksum":"92e22a7cb4fd0ec2666dfbb0d5b97353fcd3801985d7b3f92a71c1348fd9e977","bytes":375409}}
{"source":{"wave":162,"partition":0,"offset":162,"checksum":"bda7b99ded92d959f7d61ad83b916e0c76e3f1576004e4b8f68e460ba32c4410","bytes":375409}}
{"source":{"wave":163,"partition":0,"offset":163,"checksum":"21b3b07815496bb2819a65583f590b47850a98ec51e2f2d8a9fecc29008c26d1","bytes":375409}}
{"source":{"wave":164,"partition":0,"offset":164,"checksum":"982c3c59328b2e579d5cf65e3099662ae49d67d11e71aa92d8d2e353e9f44a33","bytes":375409}}
{"source":{"wave":165,"partition":0,"offset":165,"checksum":"39bbe15d5f3423d1e04121af8c7aa99e063c3a481f223f2df20a123690536d27","bytes":375409}}
{"source":{"wave":166,"partition":0,"offset":166,"checksum":"e6f17c824fba16686aa3fc07ac0efce0c0830640631795501251f300e1ee0406","bytes":375409}}
{"source":{"wave":167,"partition":0,"offset":167,"checksum":"f23719b30392535eaa6d5729dd2f2324f5c6ca7e7ca25dd1bb4cc4e3716934cd","bytes":375409}}
{"source":{"wave":168,"partition":0,"offset":168,"checksum":"ca007f91c4777dda38cbe7d89bdfeada285482ba2e7cecb2052f35951a620f34","bytes":375409}}
{"source":{"wave":169,"partition":0,"offset":169,"checksum":"3b9771114bdd71d7728f02f6e1bea0b61c502fb4b3433fa6d62ed2d85da84286","bytes":375409}}
{"source":{"wave":170,"partition":0,"offset":170,"checksum":"ba8e99543a737cd75b0e4693f17e02b89322b30677fed48ffed00fa2686d6353","bytes":375409}}
{"source":{"wave":171,"partition":0,"offset":171,"checksum":"f1d00490747e881661469d73318c3e9ad08a30189d579c13118b6925d007e807","bytes":375409}}
{"source":{"wave":172,"partition":0,"offset":172,"checksum":"b94eb04e94342b28713f1991c345f885cc4de3ea5fc6e6a17b2f91ac958db322","bytes":375409}}
{"source":{"wave":173,"partition":0,"offset":173,"checksum":"de055a40bd54822a8b8d5086167c642aeca50cc13d818d5e44a861e3a42fd668","bytes":375409}}
{"source":{"wave":174,"partition":0,"offset":174,"checksum":"63a9e2be5cdcb4245a1b39cf59d50d83109f9a27901d8fc9ff3ec547685b8b3c","bytes":375409}}
{"source":{"wave":175,"partition":0,"offset":175,"checksum":"6047bd9c6d6a537315483b26de089946be2173c116bb6962dc755b758889578c","bytes":375409}}
{"source":{"wave":176,"partition":0,"offset":176,"checksum":"f9e9077aa9226415d9eadf33d54adbb1fab736fec707c989c35d668420440ad7","bytes":375409}}
{"source":{"wave":177,"partition":0,"offset":177,"checksum":"28635e96e2c940253fce832e215fa600a3306eda9ea3a6a80e09a5a7b784ef93","bytes":375409}}
{"source":{"wave":178,"partition":0,"offset":178,"checksum":"889e2dd433110ef56bf19b5f6a746fadd8f4bb4a4af29d3afe80ab3177c664f9","bytes":375409}}
{"source":{"wave":179,"partition":0,"offset":179,"checksum":"96ffd118b353fef81af768e0321c13b96cd1e1424f599cb85572b84bfe578e4c","bytes":375409}}
{"source":{"wave":180,"partition":0,"offset":180,"checksum":"f20266c0f8f1dffc3bca0e224452f18a9db3ba2d8864c0d9d7b9a0aedb415663","bytes":375409}}
{"source":{"wave":181,"partition":0,"offset":181,"checksum":"c4b774859c8b5b25bf427b26741babf0c42e60cf7197446cc74299d6c63af81f","bytes":375409}}
{"source":{"wave":182,"partition":0,"offset":182,"checksum":"43ea59706c98db59d8ec20a654161df603a1c68ede0ca5ed3c6fb8ee3fe1f2e2","bytes":375409}}
{"source":{"wave":183,"partition":0,"offset":183,"checksum":"7577f5619ca797e40753077cace30f21a727049d4bc0c5f8b91412cf7de00494","bytes":375409}}
{"source":{"wave":184,"partition":0,"offset":184,"checksum":"9a9bfd179a42760c90db68d22b717fb1199e4b9f4a225792f034003b8013535b","bytes":375409}}
{"source":{"wave":185,"partition":0,"offset":185,"checksum":"3f0f31aa4d754822d29c476472adeb8968fc84b4e801248bc4f25b82c86c4786","bytes":375409}}
{"source":{"wave":186,"partition":0,"offset":186,"checksum":"f9259b2c15227e0867552af7201a2f2d3523cdde73be98dc4f8ba690401bdb89","bytes":375409}}
{"source":{"wave":187,"partition":0,"offset":187,"checksum":"29c4d6a3c7b985b81e976f45ee2f3a7c23dc320371c19cb370c0ccd4dd39fa74","bytes":375409}}
{"source":{"wave":188,"partition":0,"offset":188,"checksum":"62a95298ed46c967c5c82662e525b8535ac80d4321183cae555e7efe83504edd","bytes":375409}}
{"source":{"wave":189,"partition":0,"offset":189,"checksum":"c3461bf8e7fe779575ea682afc3ff9f3dd906253acb57a7a0a5a225af1a70b7f","bytes":375409}}
{"source":{"wave":190,"partition":0,"offset":190,"checksum":"0fc367f4b582fb74ef633d218e06d342a41a51443eeefabf01e25e4d68fb5129","bytes":375409}}
{"source":{"wave":191,"partition":0,"offset":191,"checksum":"9e2af41dddafde56ad6c0d3b4367e540f5118379948ecd459ff4a74097f33cac","bytes":375409}}
{"source":{"wave":192,"partition":0,"offset":192,"checksum":"2920ae1b7034c9bc7e4e8eaef12f32a851efc6669c5dd8d35e3380d7b342ad20","bytes":375409}}
{"source":{"wave":193,"partition":0,"offset":193,"checksum":"7f69ea6d95861cbb0cb7b5408e01d94765306b7745a76fb3b9713557bc09f6a0","bytes":375409}}
{"source":{"wave":194,"partition":0,"offset":194,"checksum":"da60ec6e2cd1b2939603e7c893a6971c0ed260aa11b5531d7bcff8d8a18ac666","bytes":375409}}
{"source":{"wave":195,"partition":0,"offset":195,"checksum":"f584cb6a279ca5b4a613b3a16ef9476bc95b419a0392cd0e08ad2dddb892819a","bytes":375409}}
{"source":{"wave":196,"partition":0,"offset":196,"checksum":"b9a9899bb30aa4fd7a12d895ef897daa32c81138571d49abfa28e4932b7803f0","bytes":375409}}
{"source":{"wave":197,"partition":0,"offset":197,"checksum":"adb247e8e259df90c24cf1a3e6ceff684b3871185d5db8e030e88c875d5e144e","bytes":375409}}
{"source":{"wave":198,"partition":0,"offset":198,"checksum":"384f1a8e42e0855dc23b73e4ab21a9863c0ef4bde64f8d21b1fb9c2f29e03791","bytes":375409}}
{"source":{"wave":199,"partition":0,"offset":199,"checksum":"5a209a9c3dffe64fb425082754c26595530f7f44fa1ae4ab7f96a4df9bbb72c5","bytes":375409}}
{"source":{"wave":200,"partition":0,"offset":200,"checksum":"33665e3870979e59e13d0e86de67cb3308a709a8feac3125c457bad8e3544fcf","bytes":375409}}
{"source":{"wave":201,"partition":0,"offset":201,"checksum":"1eb8f686ecbce8d7361b657561efd12742e8a6f222808ca9807974d7476b5aa6","bytes":375409}}
{"source":{"wave":202,"partition":0,"offset":202,"checksum":"e5b243d3bada7d9a7255e43e873c956fc1c90d3b9c0db04957df7457ef88c7d5","bytes":375409}}
{"source":{"wave":203,"partition":0,"offset":203,"checksum":"200756f5048f117e59cca63ee86ff95007cc196f9741a8de902d8d7facb32b8c","bytes":375409}}
{"source":{"wave":204,"partition":0,"offset":204,"checksum":"100ee594c7df5153060f07b4a700461b6266ccab82feae32a13169bb21f9f296","bytes":375409}}
{"source":{"wave":205,"partition":0,"offset":205,"checksum":"013945016af1fa017b977c05e4d5a9ac84f189acdacb0920ab61e1e6f8c1c588","bytes":375409}}
{"source":{"wave":206,"partition":0,"offset":206,"checksum":"c1363f8af69ded33f16a1ce40a2cc379efd155de6a7cfa23e74372775dd60f12","bytes":375409}}
{"source":{"wave":207,"partition":0,"offset":207,"checksum":"f9c9383cb2bbdec264490eff82eb60b054b9d8d9f6e30c80f042cee38ef4b499","bytes":375409}}
{"source":{"wave":208,"partition":0,"offset":208,"checksum":"c34091e68cad289465d8b814f8ed0c261c8bc1393b60264cdbe57955b5f6a6ed","bytes":375409}}
{"source":{"wave":209,"partition":0,"offset":209,"checksum":"5273778d261379a0600e6e6fab0d9439b2f5a3848c879b05035aea382f06e95c","bytes":375409}}
{"source":{"wave":210,"partition":0,"offset":210,"checksum":"f6758355cbbc4cb69cc0d31b860e416284d675e0f310c44005dfbddbbed8bd2e","bytes":375409}}
{"source":{"wave":211,"partition":0,"offset":211,"checksum":"9969a3023575c29067bc11183a10121ad1fa2246a58beb68fda11b7c9340e5d3","bytes":375409}}
{"source":{"wave":212,"partition":0,"offset":212,"checksum":"2398a0a7d3bd063119b9fe88410c8e2c544b510a34ec12252d6b178821c48307","bytes":375409}}
{"source":{"wave":213,"partition":0,"offset":213,"checksum":"894d5a2112e31e78df50ba570f0811944ae46a550a6d4d05af747e70e824f937","bytes":375409}}
{"source":{"wave":214,"partition":0,"offset":214,"checksum":"7c5f5a68b904104c9e1a884656191c9799d29893d5aef6902212509666972e1b","bytes":375409}}
{"source":{"wave":215,"partition":0,"offset":215,"checksum":"14680eccf09c5273920bb03489b4cd4f2fff415507abdba2fd79bdd02fe3f28f","bytes":375409}}
{"source":{"wave":216,"partition":0,"offset":216,"checksum":"278d29b3a33013c8ae2a0985027ef97ed3502f4e9236902884ecf5c181e38b0f","bytes":375409}}
{"source":{"wave":217,"partition":0,"offset":217,"checksum":"1db0f4d4365c4b65391def2c6c281ce15c3b7b87b603d6d8cf1b2a9f2eec392d","bytes":375409}}
{"source":{"wave":218,"partition":0,"offset":218,"checksum":"f78136227c09d34a205127590057a13a17e115df3ea6b6cb7bbe070a65f09660","bytes":375409}}
{"source":{"wave":219,"partition":0,"offset":219,"checksum":"06e238a6a4e9f8935614679ea3a1b5342b5a982561b09ed89e21050ac1add646","bytes":375409}}
{"source":{"wave":220,"partition":0,"offset":220,"checksum":"7ee77925d288a751fa6a03310b649192817ef468fc2d8735821a035465987093","bytes":375409}}
{"source":{"wave":221,"partition":0,"offset":221,"checksum":"1e0d781b0c319c83cb5aff522444839cca40c1f14e110a8a798511aec87a4cea","bytes":375409}}
{"source":{"wave":222,"partition":0,"offset":222,"checksum":"db82c499cdf9dcbca6925765f51926e5de509d2f3d54ea8acab6f88ca6cabefa","bytes":375409}}
{"source":{"wave":223,"partition":0,"offset":223,"checksum":"dab26e719f38935510c0f4c4d4f0b7425b4b6cf27c2443a5cda1f51f8c58f4ca","bytes":375409}}
{"source":{"wave":224,"partition":0,"offset":224,"checksum":"4b821d6cbe746543425e9106cd26e7843e1f918af8d78224f33b71d6eb4de1d1","bytes":375409}}
{"source":{"wave":225,"partition":0,"offset":225,"checksum":"47256f36a90dfacaaacd3129b497f9c0bfe11f92bc6cdf3e32fd987ab5349574","bytes":375409}}
{"source":{"wave":226,"partition":0,"offset":226,"checksum":"ebfc7867fdd8e97bfa196fe2571ff6a1ceb5a714a41ca0f58e86941ab05fe3ef","bytes":375409}}
{"source":{"wave":227,"partition":0,"offset":227,"checksum":"428693be8f28bdcec0be123168a189729555b5b601cfeed37f543d4dc703f3c6","bytes":375409}}
{"source":{"wave":228,"partition":0,"offset":228,"checksum":"96cf91b6850d52033e646d606dacd731aa0d968b39a4fad40abf278390961eb1","bytes":375409}}
{"source":{"wave":229,"partition":0,"offset":229,"checksum":"127daa9ad16f653acc811eb649fca15a321a59049b09f1983dc610769be8c93c","bytes":375409}}
{"source":{"wave":230,"partition":0,"offset":230,"checksum":"fb26fc5ef3caf0536f1cff72b7bc57068d9780a2b08fc5482757012880de40da","bytes":375409}}
{"source":{"wave":231,"partition":0,"offset":231,"checksum":"4436d6e2c76d6aa867bd0f5ccc675ee07de48d9c87c9ac7e11ca23279e618c31","bytes":375409}}
{"source":{"wave":232,"partition":0,"offset":232,"checksum":"7b7fafa83229c5dcea6271d9fd269d274e24907c090a8f5dab19d4322e521dad","bytes":375409}}
{"source":{"wave":233,"partition":0,"offset":233,"checksum":"2ed41393c1887f5d20d43a1cad8b3826f7aaabefe4ad52fb6410b9ac23f8181f","bytes":375409}}
{"source":{"wave":234,"partition":0,"offset":234,"checksum":"8174c211f6b062f84f005a927f13dc877a7a6ff5995c92d8a0ae8471d17bda35","bytes":375409}}
{"source":{"wave":235,"partition":0,"offset":235,"checksum":"22cde091e6b5c00c7e691cfb9d4d1a317c42035a9bd8ad410fcc39e280cb7571","bytes":375409}}
{"source":{"wave":236,"partition":0,"offset":236,"checksum":"8ca7ebcbf958f80ba018522157ce41509eebfb0233a1886ac22fc2db1606e60e","bytes":375409}}
{"source":{"wave":237,"partition":0,"offset":237,"checksum":"4fe00c5b46f79a2867a5fec636143836c8e6ab2bb9da3bdb6b59fd96c70db154","bytes":375409}}
{"source":{"wave":238,"partition":0,"offset":238,"checksum":"dc25511e8f9fa817f0ebdb89e2a980377905f7f5bcb49b23d480beb6a5477d3c","bytes":375409}}
{"source":{"wave":239,"partition":0,"offset":239,"checksum":"8665bfcb0d53f3620fba1d27277e52cb70997ea1de6cbd41ac25ea9bcee42ff7","bytes":375409}}
{"source":{"wave":240,"partition":0,"offset":240,"checksum":"7bc837b8f763193e57c9350f87d0454f71c9900c295958b27987526e710f0390","bytes":375409}}
{"source":{"wave":241,"partition":0,"offset":241,"checksum":"0124e0bc7da97605cf235b508f3d42a4fc96b61a3fc1daf6f707081e2835dc5c","bytes":375409}}
{"source":{"wave":242,"partition":0,"offset":242,"checksum":"9350bc1c201b91bc384ea538739e94c0ea7c3f61a82831cf1020edca3d8aaa65","bytes":375409}}
{"source":{"wave":243,"partition":0,"offset":243,"checksum":"14c361c226df10a21c4d42afdfe009d2033ede7ca211bb0c91537534119604b5","bytes":375409}}
{"source":{"wave":244,"partition":0,"offset":244,"checksum":"58452fdd98607862d35cd4213b606ffcc808db083e03760e192451e8e565058d","bytes":375409}}
{"source":{"wave":245,"partition":0,"offset":245,"checksum":"f01b94122a789b767db5b879118f20b5a9a9d59966479f65504e32fab82a6676","bytes":375409}}
{"source":{"wave":246,"partition":0,"offset":246,"checksum":"95a2451cf9cce3677f1f72dd73988cbea048310eac49607fed6e3618a0d567bb","bytes":375409}}
{"source":{"wave":247,"partition":0,"offset":247,"checksum":"a6c5634102cb265616f632140aa0d10ef9b93e86ed67bb0ef41e2777146952b9","bytes":375409}}
{"source":{"wave":248,"partition":0,"offset":248,"checksum":"e4890140db1c89d34aa7662e80f657d98ee01aa33c1203b4cc806806753d708c","bytes":375409}}
{"source":{"wave":249,"partition":0,"offset":249,"checksum":"2ada455004e8eee4fbbbb40a8c5ddd27b3f65ae0af95eb91f0d7c84e92b714b7","bytes":375409}}
{"source":{"wave":250,"partition":0,"offset":250,"checksum":"df1f2c50b7f65a718971acb4d901c2d1a4ca1a44b21114622cd6a53cee3f8211","bytes":375409}}
{"source":{"wave":251,"partition":0,"offset":251,"checksum":"89b9ef3d6947072a269fdf2d832c55e26ed0f090f9421873aa9054229f5b4138","bytes":375409}}
{"source":{"wave":252,"partition":0,"offset":252,"checksum":"c64865f9d4634d2ed79a2922cfab7a056ab05436a2e1db804880850f433d4d6c","bytes":375409}}
{"source":{"wave":253,"partition":0,"offset":253,"checksum":"0585d1e91fb32d1d334bb101f1f726401ea52f6c0bd33c134b2a54826f0a17d4","bytes":375409}}
{"source":{"wave":254,"partition":0,"offset":254,"checksum":"f086fece3054f1ca9b9ca30234ed38ae2803309ade552f4638c13ed4c4e0b1b3","bytes":375409}}
{"source":{"wave":255,"partition":0,"offset":255,"checksum":"1ec4d042b6a2936f5544a06a1a267df19d6ed2f0dcf474d7dead95cf190e0e67","bytes":375409}}
{"source":{"wave":256,"partition":0,"offset":256,"checksum":"63a457ae4500e1001574c219b626714b77a4438dab4cc686d5e592f92fd8eed4","bytes":375409}}
{"source":{"wave":257,"partition":0,"offset":257,"checksum":"0d43b8b7999583823a4c5c344fee81c3bfd9b03c2617db14cb950d4f78c3b334","bytes":375409}}
{"source":{"wave":258,"partition":0,"offset":258,"checksum":"2ba38fdd9af747fb8012563e82a16499a806f12a5f790fe82fd5c57aec0e0b1c","bytes":375409}}
{"source":{"wave":259,"partition":0,"offset":259,"checksum":"e41602d28461da635dca976149d32812f706a08cf45f5f41a1797c29c51e80f4","bytes":375409}}
{"source":{"wave":260,"partition":0,"offset":260,"checksum":"f98c3244eff079ce4551f4ba9afa71bff9b6f50104e8fc97ecdb84b62b6d5ad2","bytes":375409}}
{"source":{"wave":261,"partition":0,"offset":261,"checksum":"1abbbdccd3d5ec09f6254693cdd5d868b158c4cbc239e9838a3875be2aee4bd1","bytes":375409}}
{"source":{"wave":262,"partition":0,"offset":262,"checksum":"eaff17bd547bd97b9a1618553703c27ba79bb6c5abf48986186a2f061fd99543","bytes":375409}}
{"source":{"wave":263,"partition":0,"offset":263,"checksum":"296bb1a2d378f1779651349321c81f8b3f6544b846edf42c984c3ed25ca7b687","bytes":375409}}
{"source":{"wave":264,"partition":0,"offset":264,"checksum":"6214d55b58bf1776c2ed57279300bb7f8ead3335d8cc88494109f5e967f10303","bytes":375409}}
{"source":{"wave":265,"partition":0,"offset":265,"checksum":"160d7f64f582b40a5a9bcaee52e8a2b4ca38e1a40f60d9501aa8307382a9eb1d","bytes":375409}}
{"source":{"wave":266,"partition":0,"offset":266,"checksum":"eb7bb0f0c1c58662cc145761babc5d15dd35ea19826182bfd908628b054d6bfb","bytes":375409}}
{"source":{"wave":267,"partition":0,"offset":267,"checksum":"2ce48b2b6c4b2eccc60b0146bcfcfe4e71e057bd12a90e15ebafab0b19ddb733","bytes":375409}}
{"source":{"wave":268,"partition":0,"offset":268,"checksum":"9e60eaa3b3739461e9066c4c37900988ac27afbfdb6803989d67cd8335fd0bdd","bytes":375409}}
{"source":{"wave":269,"partition":0,"offset":269,"checksum":"e454d24d7f1774d38936cf61d856c2c2b18d202661103f67cde8db0960ede3d8","bytes":375409}}
{"source":{"wave":270,"partition":0,"offset":270,"checksum":"61ccd96782f0c02e6cee6beca4bebab1b5d3a290bbae62a8f8c4a6045a656404","bytes":375409}}
{"source":{"wave":271,"partition":0,"offset":271,"checksum":"cbe5f80bdeb95f4ec1aedae873f8bac0b3b651364dac0714411785dc9ee810af","bytes":375409}}
{"source":{"wave":272,"partition":0,"offset":272,"checksum":"524a67f6ade546a5ed3909cfdcc0001c8b0acd7c189d5765411ad1a81987ad4e","bytes":375409}}
{"source":{"wave":273,"partition":0,"offset":273,"checksum":"c8b9f28fa284fd0acc33f94b64ad02348f083fc6a1d2fc525834c449f7a1261d","bytes":375409}}
{"source":{"wave":274,"partition":0,"offset":274,"checksum":"65096dd6bfb358ec2e19bace13f58e068a1b2a5859d6a8366d334337920b32b2","bytes":375409}}
{"source":{"wave":275,"partition":0,"offset":275,"checksum":"3cf9215ab2bb02398fbcc397f820a20bd4413c80d9463a565ace6ef2cd7ce541","bytes":375409}}
{"source":{"wave":276,"partition":0,"offset":276,"checksum":"e7d98733121e13ced08851b2179936a5f000d5ceea3eac348d30fdabe8abde60","bytes":375409}}
{"source":{"wave":277,"partition":0,"offset":277,"checksum":"b65550adecd5982cdfda7d43d27d319d2066ec298a075c9925bcf0d12472ec1b","bytes":375409}}
{"source":{"wave":278,"partition":0,"offset":278,"checksum":"e0197f4aa8d22828a51f03d47dedba7bfa7ebd03daffb4adc6a0369bf8b8bafa","bytes":375409}}
{"source":{"wave":279,"partition":0,"offset":279,"checksum":"44bfd626a7676611ee069aff148e2d56bea5fb3f49c98e79440a85c9f934aba0","bytes":375409}}
{"source":{"wave":280,"partition":0,"offset":280,"checksum":"9aa262a1a39cfe33872c8cf57c264fd373009fa9e97dd25d3c4be37e4d4634cf","bytes":375409}}
{"source":{"wave":281,"partition":0,"offset":281,"checksum":"bff9fd272e75a7b212a6c1d95fc7c5fd448125864031287c0be75b12db72f3b5","bytes":375409}}
{"source":{"wave":282,"partition":0,"offset":282,"checksum":"b6ae4ec2218347d8d2b7d654f24255875a99d859966b671619c68ac3b0058518","bytes":375409}}
{"source":{"wave":283,"partition":0,"offset":283,"checksum":"630cdd1a72a730a2f03326b3dcff2d8e5320dde367b9e1508ee519168f484ba2","bytes":375409}}
{"source":{"wave":284,"partition":0,"offset":284,"checksum":"5ad76b21f7d06d96ba3455562e9a07e13c3ee7f31f9fc82129f086f25041fe8f","bytes":375409}}
{"source":{"wave":285,"partition":0,"offset":285,"checksum":"10d7483e433491a7aa6aaaa0bbe4f7dd93d60c57b82d4c4da1a667181df3827f","bytes":375409}}
{"source":{"wave":286,"partition":0,"offset":286,"checksum":"97caa8485015ba9144e3d460673cbd71f412c271f66f1a521c323096cb9f9b59","bytes":375409}}
{"source":{"wave":287,"partition":0,"offset":287,"checksum":"ccd874ebd0f4dcfd6d90b43cbe9eed435703c000335d6139c0249cbbc3526c49","bytes":375409}}
{"source":{"wave":288,"partition":0,"offset":288,"checksum":"e5d712308bbe7877e49a4544c25e3ecae16b83fbf8521fed5ee929d385dca1ca","bytes":375409}}
{"source":{"wave":289,"partition":0,"offset":289,"checksum":"315e7ddf9bb73e63646e5a3e6d19b9ff811a90e38c2de0bdd31c55a598391b85","bytes":375409}}
{"source":{"wave":290,"partition":0,"offset":290,"checksum":"8d813c3aa58e0a8e7c7a81b8370af4c70b4ae21a124e2213366695928bc71f0f","bytes":375409}}
{"source":{"wave":291,"partition":0,"offset":291,"checksum":"0a4beec252116b71845253b0d67e33e732762d6beab2ccc5e460127d3529a298","bytes":375409}}
{"source":{"wave":292,"partition":0,"offset":292,"checksum":"3f24f84e528a85f9e14427f9272728905bcc1029189ecd6a0b90ebe117006331","bytes":375409}}
{"source":{"wave":293,"partition":0,"offset":293,"checksum":"2c0695b75a1fa1cf6675b87363f13ac3174820438f20c586b0d5d9113abe184c","bytes":375409}}
{"source":{"wave":294,"partition":0,"offset":294,"checksum":"39b41b308abd9818216cfaa8b12f7366591df1bc25ad61ef018cf15e39e05f68","bytes":375409}}
{"source":{"wave":295,"partition":0,"offset":295,"checksum":"9b21230313c4a2d81db506b9a8b152ccb8febe967b3aaf37c1bdcd85f19af1aa","bytes":375409}}
{"source":{"wave":296,"partition":0,"offset":296,"checksum":"fd938046fc8a11fbcabea8d8e8e7973837db88058662455e477589a4f7bfd7a3","bytes":375409}}
{"source":{"wave":297,"partition":0,"offset":297,"checksum":"1543e8024c7c07948c28ef38745171af59b385d9e2cb4b603e7b170cad7b5385","bytes":375409}}
{"source":{"wave":298,"partition":0,"offset":298,"checksum":"1f830b72c88e394418b41ce38a428b456230d1464570fdb7ed5aea3335d5f1ac","bytes":375409}}
{"source":{"wave":299,"partition":0,"offset":299,"checksum":"0425d4aa37d05e347f6e7ce3de9652478404b9db5412540fde3f8fe717b82e2d","bytes":375409}}
{"source":{"wave":300,"partition":0,"offset":300,"checksum":"e11281e36a342ffb0169f6d7ab3ffba76ddc39637cb6d0e0976c64ad61064a90","bytes":375409}}
{"source":{"wave":301,"partition":0,"offset":301,"checksum":"b93caf11462abd75068ed6927370a81e8e9f8dfbb012145b3493c0dabeed9e47","bytes":375409}}
{"source":{"wave":302,"partition":0,"offset":302,"checksum":"98751cf43aed7a44e458d92f427eae3ea2093accb7ddcb05cf43f282ada33862","bytes":375409}}
{"source":{"wave":303,"partition":0,"offset":303,"checksum":"9850744627d7be0d4aa17aee79c082bef49806a24decd2ac44018758ebff839d","bytes":375409}}
{"source":{"wave":304,"partition":0,"offset":304,"checksum":"7a16044a12b3ff283ce1944c7b770ce7ce73dd1d69499c70a35e0ac4f66979f0","bytes":375409}}
{"source":{"wave":305,"partition":0,"offset":305,"checksum":"c8109cd0d00eecc7aebcc7a0448663b75a7be9a06bbf18374b5e1034dae7373d","bytes":375409}}
{"source":{"wave":306,"partition":0,"offset":306,"checksum":"d8d924c548abfc3df24b27c329fd6fcf4c1b3c64b5c3942cafac34edacc71b67","bytes":375409}}
{"source":{"wave":307,"partition":0,"offset":307,"checksum":"596ed7d51d7d2898f8f24df1cacd65e02509f1d563a9f511d1c8e7411ed8f47e","bytes":375409}}
{"source":{"wave":308,"partition":0,"offset":308,"checksum":"bb0e8d93cd18729ad39e131a8eac30169d1916f772dcf1ca4a27652cbd7f3048","bytes":375409}}
{"source":{"wave":309,"partition":0,"offset":309,"checksum":"d3444b2623bb73074f5eb0b0dc0df25f53a6733947608e22bf2a68a6073a7f8f","bytes":375409}}
{"source":{"wave":310,"partition":0,"offset":310,"checksum":"9670de81d062c2631f6b2ccb361814933a68cb29306a34f8826c549fccc6943e","bytes":375409}}
{"source":{"wave":311,"partition":0,"offset":311,"checksum":"d3817a3fac6841b7ca49ab5c1c46de9cebced3a9827ef09eac2db35a735718fc","bytes":375409}}
{"source":{"wave":312,"partition":0,"offset":312,"checksum":"34501a7ec22677c85e409ec355c906de6ec269ed25a215f23e0359b08fb16e55","bytes":375409}}
{"source":{"wave":313,"partition":0,"offset":313,"checksum":"b19db7aa52de1b467f36cd44b6fb2fd53c8ac949e530ed52a4330fd4639fb1b0","bytes":375409}}
{"source":{"wave":314,"partition":0,"offset":314,"checksum":"9eda87f4d6c46f7a79d5918f7ce0b1a4d0221118e55c7fc71fafff277230c252","bytes":375409}}
{"source":{"wave":315,"partition":0,"offset":315,"checksum":"4f3eed3e2ec1cd76d7f9c61eacc058ff47445002f7cf33e0a2ee342d2fb63296","bytes":375409}}
{"source":{"wave":316,"partition":0,"offset":316,"checksum":"ba4195cade68934737b5961d727ceae06fec6768299b66b696ca306089b8085f","bytes":375409}}
{"source":{"wave":317,"partition":0,"offset":317,"checksum":"02a9042a6ef49d58dd7071a59742830168ec7bc030f2f91ebafcdb37cfd760fc","bytes":375409}}
{"source":{"wave":318,"partition":0,"offset":318,"checksum":"39ef4c6bbce75afd9859b31092063fef899b0e8c0f50a9a5f0d766af52739381","bytes":375409}}
{"source":{"wave":319,"partition":0,"offset":319,"checksum":"21797aac59a892a0735698e7e38e325f21346738926c5e3360d618e292f82f9b","bytes":375409}}
{"source":{"wave":320,"partition":0,"offset":320,"checksum":"18a580a2c509bee199166b961754d71e1914fb06004ec7c72cb0b557a9837b2f","bytes":375409}}
{"source":{"wave":321,"partition":0,"offset":321,"checksum":"42242af49bf6cd5cea56a15f5de4c0100a8de4ef3b804eb84d45a7275149bc3b","bytes":375409}}
{"source":{"wave":322,"partition":0,"offset":322,"checksum":"8f287bb39637ea1546a559a41382e1f2a2c97e29e67bdccdd80f92ac904d284b","bytes":375409}}
{"source":{"wave":323,"partition":0,"offset":323,"checksum":"45bd039dcdeb8b7e6440793feb69aae2bc41d491a7c6ca543cdc12c76c884880","bytes":375409}}
{"source":{"wave":324,"partition":0,"offset":324,"checksum":"390e0b268d713720359f12b1a794ce4ecf40cd050ffd041389820598c8150141","bytes":375409}}
{"source":{"wave":325,"partition":0,"offset":325,"checksum":"4869537e9241d2ececc9db654ea76af4bf528e427d6f297ac5930284ab72d58a","bytes":375409}}
{"source":{"wave":326,"partition":0,"offset":326,"checksum":"dfc7935153448b02602b640535e5fa5b8af4ad1afbb365180ecf1ad39532701a","bytes":375409}}
{"source":{"wave":327,"partition":0,"offset":327,"checksum":"fdecf6d867fc64a6790c71bcf853ebe05d9f56d6d63432c78b71af94137e7c36","bytes":375409}}
{"source":{"wave":328,"partition":0,"offset":328,"checksum":"db7f7ccef8843b8c5bc9e4cd76b24223d4aa692da1998488b744994dd8efe7c4","bytes":375409}}
{"source":{"wave":329,"partition":0,"offset":329,"checksum":"dbc64a20e443657c8984a31acda6dda027c1a4fea97d92407ef9c689c4c245f2","bytes":375409}}
{"source":{"wave":330,"partition":0,"offset":330,"checksum":"49d5a435857a419b569cb00c93f854384445a402a5106f58a7e03b7d404f7191","bytes":375409}}
{"source":{"wave":331,"partition":0,"offset":331,"checksum":"6f90ea5a0d8a815da65c327685de5423374e6f9aad7b58f9a096b5856461b527","bytes":375409}}
{"source":{"wave":332,"partition":0,"offset":332,"checksum":"853923f71db27d3d3a4ec2524486f0230d93d7f8da9d7cc2610f48680dbbccf8","bytes":375409}}
{"source":{"wave":333,"partition":0,"offset":333,"checksum":"03149171d49047b8f5e8fcd1ca2899af7501f964fb89c4a6ee7753c48ad40564","bytes":375409}}
{"source":{"wave":334,"partition":0,"offset":334,"checksum":"456d39982ae4f7b598f71e4a62f7681b49003d7a4909eb16b15369ec9e6ded1c","bytes":375409}}
{"source":{"wave":335,"partition":0,"offset":335,"checksum":"86763766fd5c6f121257619e5d233015a30ef5fe0c5f59ed39e5936ce84bc22b","bytes":375409}}
{"source":{"wave":336,"partition":0,"offset":336,"checksum":"d439ab5805a7ac210bbd4019286df33a6dfaa0eca3d912d3956bddc9ca3f161d","bytes":375409}}
{"source":{"wave":337,"partition":0,"offset":337,"checksum":"655aef8fac4ff6eca1526bc9ee12519d21bae724aed4e7c1fd5cc7cd7b2acdd5","bytes":375409}}
{"source":{"wave":338,"partition":0,"offset":338,"checksum":"a51142686fd21a9052b3d762fe95aeb7ab4222531b420238c633f842f298162b","bytes":375409}}
{"source":{"wave":339,"partition":0,"offset":339,"checksum":"c467f97a6c46881275f28050a64c4e7868f9639d6e3c37f9e571caff7675f1bd","bytes":375409}}
{"source":{"wave":340,"partition":0,"offset":340,"checksum":"acecc6058628a9a363be4c20a0e1d8c0d24638222637ea5aa871cfe6f4f137f2","bytes":375409}}
{"source":{"wave":341,"partition":0,"offset":341,"checksum":"b4e06e33a34f5954ef2b01f5a829f9321ae50175a00f81d277944b89aa4bed03","bytes":375409}}
{"source":{"wave":342,"partition":0,"offset":342,"checksum":"c0b2440a83678edee8de15b29b3c0074b1939abb36d5acfd729332cdfd9b7f4b","bytes":375409}}
{"source":{"wave":343,"partition":0,"offset":343,"checksum":"da0220b4963aababbd3fa132a9adc513e301da4ca124c3f8cfa5799b670326d7","bytes":375409}}
{"source":{"wave":344,"partition":0,"offset":344,"checksum":"73d6b4398d8d19b6e175b66e816a15ebd5a3667c786cd13827ae40331031accf","bytes":375409}}
{"source":{"wave":345,"partition":0,"offset":345,"checksum":"30f35c59e44f77afb8785ec3dd3d5526acf53c18d3ae42b5d0e510cd4c1df8e8","bytes":375409}}
{"source":{"wave":346,"partition":0,"offset":346,"checksum":"7d06c2e02989eb09082c252cf0302d2f0857b34ae38d023103c1f3aeb67e6c3f","bytes":375409}}
{"source":{"wave":347,"partition":0,"offset":347,"checksum":"2e87802551d260869fbb77346ca2bc40df8c52b12385e7c2fe3ee211ce3dc063","bytes":375409}}
{"source":{"wave":348,"partition":0,"offset":348,"checksum":"755f230e29c1806b39604eda95d4f388c43c873634329a98f85e4b1172db0e50","bytes":375409}}
{"source":{"wave":349,"partition":0,"offset":349,"checksum":"f75c4e1bb7e3d3ea953060383fdc887d6944656ee7c77b8d7f25966d6c439d1b","bytes":375409}}
{"source":{"wave":350,"partition":0,"offset":350,"checksum":"0f29e5addebd1603c11d8b940d721dad85ccd71ad01aa273abcae2d19ef6893b","bytes":375409}}
{"source":{"wave":351,"partition":0,"offset":351,"checksum":"536752a8d4b85bef99b55edae6ac6c691b3621f12507827e5ff015168a12ca3c","bytes":375409}}
{"source":{"wave":352,"partition":0,"offset":352,"checksum":"2f3b2152eb70c2d056022939d146ab50a0b478a5a1d40818ba573d44dd5da756","bytes":375409}}
{"source":{"wave":353,"partition":0,"offset":353,"checksum":"10562bff4d1dedab215f4b8d56b4095702915d691df617f0e5af39825dc745d1","bytes":375409}}
{"source":{"wave":354,"partition":0,"offset":354,"checksum":"ad932ca9ddd255bf5bee20648a9e135874e73b439b1642613fbecf8257351685","bytes":375409}}
{"source":{"wave":355,"partition":0,"offset":355,"checksum":"e95c8af03b6c30f37692b8b2d70fcb3085a763a5e8771c7d894b857310a28c13","bytes":375409}}
{"source":{"wave":356,"partition":0,"offset":356,"checksum":"6ba511d5d1e732d6198de0e14d83b5f6b7e8236e24bc0f889e3fcc049e2d9629","bytes":375409}}
{"source":{"wave":357,"partition":0,"offset":357,"checksum":"3cbd63e9a93e830d50e5795baf8eebcd6cbe0867921c7ba103ee5eb8f400df40","bytes":375409}}
{"source":{"wave":358,"partition":0,"offset":358,"checksum":"275364704687a301e2763d291e602fabb936166567351e9ed8c34891b9e4591a","bytes":375409}}
{"source":{"wave":359,"partition":0,"offset":359,"checksum":"e44380bcb1695c70907bb29cca97a3648ccdf97e9e6af8421eaf9ae3905bc407","bytes":375409}}
{"source":{"wave":360,"partition":0,"offset":360,"checksum":"ffedb594592d5d78ded474f9d7480ac7cd7082161135c7cbe254ed1ebd2d3a07","bytes":375409}}
{"source":{"wave":361,"partition":0,"offset":361,"checksum":"585a5515373e69d21027f5b597a5d0bf308ad37bb1e086769047b572a3f4657c","bytes":375409}}
{"source":{"wave":362,"partition":0,"offset":362,"checksum":"ed662c9b25f83533e71d369343b8d92eb5bf240a6876c7f13f7addd3f699bedc","bytes":375409}}
{"source":{"wave":363,"partition":0,"offset":363,"checksum":"4da66bd986008a0691a1fa6d972cb959eb8f5f0334a7426866d7bc85ef49d164","bytes":375409}}
{"source":{"wave":364,"partition":0,"offset":364,"checksum":"b588512af1550a36ac42b216ce991c91197a91c00b7b79474b0066e6e8699b31","bytes":375409}}
{"source":{"wave":365,"partition":0,"offset":365,"checksum":"3c4e38d5d61e1809b160bea558bcc23edfc6591bbf5f34a6db760be8ab93535a","bytes":375409}}
{"source":{"wave":366,"partition":0,"offset":366,"checksum":"9f7add7233c657a6c899eb53d646d643e317bf533ca726c3472194ff7f79913d","bytes":375409}}
{"source":{"wave":367,"partition":0,"offset":367,"checksum":"9e6837cc5c99bfc7a3c133a3472d2f5390d2276cbe3c72e64fb4abdff4f5ab58","bytes":375409}}
{"source":{"wave":368,"partition":0,"offset":368,"checksum":"03ab5c4348427edeae29cac8e80aa5bc0b23aa036e0ea8372a529e6cbeee002f","bytes":375409}}
{"source":{"wave":369,"partition":0,"offset":369,"checksum":"058b6fb7af479594b271da4056bfdfa03f793c2b8ecf07b24984775cb35e2d89","bytes":375409}}
{"source":{"wave":370,"partition":0,"offset":370,"checksum":"1ffe5164191342c24c35162e733d3f8f3f28fcaf0b3acb8d5b80f2d3792ad8af","bytes":375409}}
{"source":{"wave":371,"partition":0,"offset":371,"checksum":"cf88604895aea1d1f3249dd1c0cbb659654965a9158f2a450d557484d83bc746","bytes":375409}}
{"source":{"wave":372,"partition":0,"offset":372,"checksum":"2dbbf9845ddaf87eac4c0d9f68f43ff2a3281310afc998cc20010fc326a4e815","bytes":375409}}
{"source":{"wave":373,"partition":0,"offset":373,"checksum":"48e0ce740f606a8721464d9e935961509b560b95c87d7d96e93091f5dd0f78a4","bytes":375409}}
{"source":{"wave":374,"partition":0,"offset":374,"checksum":"6122447959997d888554102b1e59063efa3f9ae8e3b61bb04c272be94a014e5b","bytes":375409}}
{"source":{"wave":375,"partition":0,"offset":375,"checksum":"8af6301e23679f261875500aca76e664c8cf0877ab4ccb9334f618dda9471c86","bytes":375409}}
{"source":{"wave":376,"partition":0,"offset":376,"checksum":"e538dad5a3aea05c8721b8a8cd626fa4fcccc5a22bd1e079b2b0b01d107731fa","bytes":375409}}
{"source":{"wave":377,"partition":0,"offset":377,"checksum":"9559bfbf2badb26543805b6eb4fac85d7c322bf0c54bd3c3092e13d951e244aa","bytes":375409}}
{"source":{"wave":378,"partition":0,"offset":378,"checksum":"1703381292ca9c2c9272e570ea453be4a6d9f889ab73b921cd7258ebd96a4abd","bytes":375409}}
{"source":{"wave":379,"partition":0,"offset":379,"checksum":"74f898093836121bd476d2b6bd015d8134a99991b03b15617a60a06ed6eb2e8a","bytes":375409}}
{"source":{"wave":380,"partition":0,"offset":380,"checksum":"ec5dc8824827515bf81f6875ba1aadff8985358cc52310222be1b5f445611561","bytes":375409}}
{"source":{"wave":381,"partition":0,"offset":381,"checksum":"d1e22e2786605ade149a8835c121813655d4f95db6583ad3606466c2141728fb","bytes":375409}}
{"source":{"wave":382,"partition":0,"offset":382,"checksum":"5c788e59216d04e4ab25962cd058ecb63b2a7bf962cb9d197ac95a23ec2d2dda","bytes":375409}}
{"source":{"wave":383,"partition":0,"offset":383,"checksum":"a148aaa97b197b87b6aa4d0d8c4fd9454ea7591831ec108ceded211a0f29415a","bytes":375409}}
{"source":{"wave":384,"partition":0,"offset":384,"checksum":"e5e6c5e60a9867a7d8fb60e897ff3453bdfceceba3904bcc04dd1aff24ab2274","bytes":375409}}
{"source":{"wave":385,"partition":0,"offset":385,"checksum":"d515c694d404dba66770edfd4e05808720e133ca5767a123b1183688a3bdf880","bytes":375409}}
{"source":{"wave":386,"partition":0,"offset":386,"checksum":"216b86fe9857591ba9ae1ecd925c408659cd33455a087a05604d9069bc5bfbce","bytes":375409}}
{"source":{"wave":387,"partition":0,"offset":387,"checksum":"37d7970cb71e4a89d4ba05f26557dfd2fab4e68be74b435dec2dc805fd962035","bytes":375409}}
{"source":{"wave":388,"partition":0,"offset":388,"checksum":"ec68447ce70459d0ee85e03b150080829653e72b37204ef7e9b62f2ff8a2c590","bytes":375409}}
{"source":{"wave":389,"partition":0,"offset":389,"checksum":"952f294d5a25665e60a1e39a0e6c88ecead25cdedc5b95fc122572bc9390677b","bytes":375409}}
{"source":{"wave":390,"partition":0,"offset":390,"checksum":"dcd5f55fdcf64a2122aacd467ed527cccde949bca18c86a69f6ff5647eea089f","bytes":375409}}
{"source":{"wave":391,"partition":0,"offset":391,"checksum":"948d48a571211dc3d661620ff6e1e9d17b788ebd03de2773752eff328c710d55","bytes":375409}}
{"source":{"wave":392,"partition":0,"offset":392,"checksum":"56cf51ae08afeba3ce9771e1b1d049add60ed1cd85e5b0731b62796859fd793b","bytes":375409}}
{"source":{"wave":393,"partition":0,"offset":393,"checksum":"a19d5936deadfeab619f8445f856f98838b1f512ad24f0bdfdc4823e50dcd5f2","bytes":375409}}
{"source":{"wave":394,"partition":0,"offset":394,"checksum":"e6d099550e910bb1101cd226ed6e019081857c6d468c87047a0afa37ed147400","bytes":375409}}
{"source":{"wave":395,"partition":0,"offset":395,"checksum":"86486bfbe670f5321eaf6b630ae91cbafdeddc0564ba739b68afb52f5adf735c","bytes":375409}}
{"source":{"wave":396,"partition":0,"offset":396,"checksum":"5a7e3f7a7761c6b65314af8e29059f5bc152d68a072494dea3a70efcb18de594","bytes":375409}}
{"source":{"wave":397,"partition":0,"offset":397,"checksum":"69d7a26ff79810213d5a1daf5501636f8b17a2e8cd57dd00ec147ca6127da592","bytes":375409}}
{"source":{"wave":398,"partition":0,"offset":398,"checksum":"e7d4dbb3a3f92c809fd0e0500e009e068ed0b6b0b07dd93413f82b02e8e8554c","bytes":375409}}
{"source":{"wave":399,"partition":0,"offset":399,"checksum":"9a564ce38645e6f2899ad6acca7ba44006e54ebff0559589af5c7e67fd33b154","bytes":375409}}
{"source":{"wave":400,"partition":0,"offset":400,"checksum":"69e3db0340da2ff5a46f67017631398048987480b6485a6a026866204e1fc9f6","bytes":375409}}
{"source":{"wave":401,"partition":0,"offset":401,"checksum":"b9eb6685daa6c2afbf84dbcd37c23d1708add452824b2aeea52aff21a9e2e485","bytes":375409}}
{"source":{"wave":402,"partition":0,"offset":402,"checksum":"6f9ea73b3b143e6f5f11e051e0f2b92d4b922421eb8f66c85bc76d7e8a3e2f79","bytes":375409}}
{"source":{"wave":403,"partition":0,"offset":403,"checksum":"663b56fae900019a31e88a23bae6783bd04aed782b1f63751493bab42a7e402a","bytes":375409}}
{"source":{"wave":404,"partition":0,"offset":404,"checksum":"23c94e77f707bf528cad707ada7816cf63064cbca2cdaffa04341c5bee7beec0","bytes":375409}}
{"source":{"wave":405,"partition":0,"offset":405,"checksum":"4547133af2558cf579bd05e5632048ad4cd5ddbeffaf8d91b8f04fcf24c1891c","bytes":375409}}
{"source":{"wave":406,"partition":0,"offset":406,"checksum":"795c7cf5833a5bb106d081e643720afc76e26c437560e2bd4752f0728bf9ce85","bytes":375409}}
{"source":{"wave":407,"partition":0,"offset":407,"checksum":"440e7b7ba8aac3abf0268f6c31532a08b79a715eeb1d2c1c4991558a9e8c7e6b","bytes":375409}}
{"source":{"wave":408,"partition":0,"offset":408,"checksum":"9f56095392cfa4fdb96d4bddd371753d28a207c72470a2fe424dd4344c03ea2c","bytes":375409}}
{"source":{"wave":409,"partition":0,"offset":409,"checksum":"eede2e1a8790056e2e0b8233fdeef144d46988631e68c47e84ea3107ecb86a3a","bytes":375409}}
{"source":{"wave":410,"partition":0,"offset":410,"checksum":"9d89b9f167900d05330eb328f10e23eda98d1b27fd843f7296f75000ee190238","bytes":375409}}
{"source":{"wave":411,"partition":0,"offset":411,"checksum":"83ec36067caf491d1ae3589f7c8f6273fa540914ca5a5b1954eff15899e1dff2","bytes":375409}}
{"source":{"wave":412,"partition":0,"offset":412,"checksum":"40b7f5798efb6498a912627daca1053104b19400b36df8fc319b4c0c6409f4f3","bytes":375409}}
{"source":{"wave":413,"partition":0,"offset":413,"checksum":"3aaa5af695388e8dcb664ba06aad6b1522fd012645a80ba79b0fe92aeeb9ef4d","bytes":375409}}
{"source":{"wave":414,"partition":0,"offset":414,"checksum":"33c220128b2c64a4dd4a1ae5e9e4956756c0dbf00b66c7d4580acc626d9bb391","bytes":375409}}
{"source":{"wave":415,"partition":0,"offset":415,"checksum":"b2d1481b144e8f13fc6113f5a0d74afe88d6f6d033f6310407e113b1fe40b1e6","bytes":375409}}
{"source":{"wave":416,"partition":0,"offset":416,"checksum":"90d828f2663d489accf0de64218730b3d5859293b9f4c94c5c7ca76ec7911bf6","bytes":375409}}
{"source":{"wave":417,"partition":0,"offset":417,"checksum":"98cad95a89196f1f816cbbe3ab6bcfdd8d393036129a5b9049c032999abeabef","bytes":375409}}
{"source":{"wave":418,"partition":0,"offset":418,"checksum":"8f31bc21b978becac94247b196666314017fd47332f3b690a58566796fbe0f54","bytes":375409}}
{"source":{"wave":419,"partition":0,"offset":419,"checksum":"88ab8c25a742125a850b8e2624d518c3e0251f74d6791047b505f2ad8cd62be8","bytes":375409}}
{"source":{"wave":420,"partition":0,"offset":420,"checksum":"27fe2847c012814bceaa6a1e561e00e48fc33462429079b93472b008b300b13e","bytes":375409}}
{"source":{"wave":421,"partition":0,"offset":421,"checksum":"fff058ddbd330b8877b2292d36d6263879d00e5e76ae3fe763f0907f7625cba3","bytes":375409}}
{"source":{"wave":422,"partition":0,"offset":422,"checksum":"76a69eea338b2ba377f7bf8ae6d1196c1bd700f05577604eab5ad57eb7c9b115","bytes":375409}}
{"source":{"wave":423,"partition":0,"offset":423,"checksum":"6217045ebf9554ddbc01981e6c61e31c40a37a1434dddcad1694eba1cce7e495","bytes":375409}}
{"source":{"wave":424,"partition":0,"offset":424,"checksum":"5c578a1d8678651937a29ca534bd432cf9b8012569d8fa101d1df375c2a7b03e","bytes":375409}}
{"source":{"wave":425,"partition":0,"offset":425,"checksum":"7fbecb13d70d432f4443c007a3da6d6a060665a6fabd1df325ff1e926bd12c1f","bytes":375409}}
{"source":{"wave":426,"partition":0,"offset":426,"checksum":"075e865bb6937166ce44f21f6a8b4b5252a93726d73d1063f06f43f709c4a655","bytes":375409}}
{"source":{"wave":427,"partition":0,"offset":427,"checksum":"c3ed0df25526896bfb97cf69bdcdaa3c84efa7be8de8a5b77e7c21356f29d312","bytes":375409}}
{"source":{"wave":428,"partition":0,"offset":428,"checksum":"20d9ec447ffa65b5e5e2c0ed8701076e1f66bad72f7c5c09ccd9a090f9ceb6e7","bytes":375409}}
{"source":{"wave":429,"partition":0,"offset":429,"checksum":"ca06eabcd1079f68c162745e58e90fd79522506db2858c3d61e7797c552f72b2","bytes":375409}}
{"source":{"wave":430,"partition":0,"offset":430,"checksum":"a5b8cab9aa904cbf95fc9983c1d3cd282faf0e66a42090284e02f9ceb5b67386","bytes":375409}}
{"source":{"wave":431,"partition":0,"offset":431,"checksum":"b4a533f1814ab8e4d5c0136e90197418f19a92167a8c03431698f5be29181210","bytes":375409}}
{"source":{"wave":432,"partition":0,"offset":432,"checksum":"11e405cd46171a23d14dec06bcedf7cd5176d63cb85e0d6c6918dc61e0ea40f4","bytes":375409}}
{"source":{"wave":433,"partition":0,"offset":433,"checksum":"6520cc5ec74adfd12c191d08959b7f3b2841d293ad58ea61880ab794facc2e45","bytes":375409}}
{"source":{"wave":434,"partition":0,"offset":434,"checksum":"a7e65305162e4feb678a866e5319d838a1747a62978028ff4894f983a601f536","bytes":375409}}
{"source":{"wave":435,"partition":0,"offset":435,"checksum":"0a7ee27e5c67d77de01061e949a5938b973f85374364f18dbcd3a6c5d4dbff63","bytes":375409}}
{"source":{"wave":436,"partition":0,"offset":436,"checksum":"21e373d7fe1f71d523129a006d718e88160a1ba2f3f4a0fa1783815783b34fce","bytes":375409}}
{"source":{"wave":437,"partition":0,"offset":437,"checksum":"39516e587d003d82e833de11f165523ca1158487a8cd3456c65ce864150638a8","bytes":375409}}
{"source":{"wave":438,"partition":0,"offset":438,"checksum":"49ca6d7a32fca859e1d666df25fb64e3bf251a9c35d12aa46598d57f55061896","bytes":375409}}
{"source":{"wave":439,"partition":0,"offset":439,"checksum":"b48f3f1d0b69ede2cab48618a49ced0bd949c864bbec0d7786cd88fa580b6b92","bytes":375409}}
{"source":{"wave":440,"partition":0,"offset":440,"checksum":"850567cd4d87e43b8d44c9b7e38ec11f9be899b411acf46714d537f86f9d28ab","bytes":375409}}
{"source":{"wave":441,"partition":0,"offset":441,"checksum":"c5504d749543f0238335821cda24c5f88f1b20894dc484016fe27421826996af","bytes":375409}}
{"source":{"wave":442,"partition":0,"offset":442,"checksum":"206216611307c8c4122f916e4ea9c23a016e66c42e0a17e6f985a43478b9d27c","bytes":375409}}
{"source":{"wave":443,"partition":0,"offset":443,"checksum":"5085ff4a5b0501ca2854b1224aff2bd3ff0e3ecca10188b20c161aef355524f5","bytes":375409}}
{"source":{"wave":444,"partition":0,"offset":444,"checksum":"180e27be178a476b982450f29e3b711a8c508da373bbcdec1e2e3eb8aaf35e8f","bytes":375409}}
{"source":{"wave":445,"partition":0,"offset":445,"checksum":"051953e27e4e35c52850d38eb7120bd577f183b6d75ad5b4a6fa02cc1e648375","bytes":375409}}
{"source":{"wave":446,"partition":0,"offset":446,"checksum":"2be46079e70b5f3283cf6dcf61036a0d75668ac4820a7164f12846948f8f66e0","bytes":375409}}
{"source":{"wave":447,"partition":0,"offset":447,"checksum":"fd5ae591546947dd25ad9c290113c893494883d5de8224b83722aba366a9e438","bytes":375409}}
{"source":{"wave":448,"partition":0,"offset":448,"checksum":"f3af9f85edf7b8c8863e670877e4851aaebf7d57729abd03a64025a7e3f66a06","bytes":375409}}
{"source":{"wave":449,"partition":0,"offset":449,"checksum":"619c472e7051c23c8b96d2e237d5b2bad49b831bfdad40e5fbe6d8f5930a1d61","bytes":375409}}
{"source":{"wave":450,"partition":0,"offset":450,"checksum":"80754e8be9adb073513f61075d45a306ff422becf3625f296e4b32c9c654cfba","bytes":375409}}
{"source":{"wave":451,"partition":0,"offset":451,"checksum":"306a56137f7c165cf559893bdd095f7808e70f5b6606c0254c31f5689a507988","bytes":375409}}
{"source":{"wave":452,"partition":0,"offset":452,"checksum":"cb21f9fcdb8615adcdfbb7b675c9d9fca799b1e920f653ce00dd9ab6f3520724","bytes":375409}}
{"source":{"wave":453,"partition":0,"offset":453,"checksum":"be9bb18900ea8739d5dfec0c9f062b61516b7ab0b89ae1ed06586b7e3507c78a","bytes":375409}}
{"source":{"wave":454,"partition":0,"offset":454,"checksum":"a57953cb338a5a61dac964c84160359e3dfb6e14e0d00b2d41c317a621729c50","bytes":375409}}
{"source":{"wave":455,"partition":0,"offset":455,"checksum":"26ca17e9126e250a0b94a8f43489db3a53dabb4ff447d084dffbc74966f23228","bytes":375409}}
{"source":{"wave":456,"partition":0,"offset":456,"checksum":"2f01bb8978a36819b69a4933269596c5b985b852c04225264ff0de88ba35a0ae","bytes":375409}}
{"source":{"wave":457,"partition":0,"offset":457,"checksum":"2e88cab9a15ea712d77a09d05d773a25a78dfebf16a4af94abb42bf749ac0498","bytes":375409}}
{"source":{"wave":458,"partition":0,"offset":458,"checksum":"c41f931f406b732388d509c8d2a2a3503a5caef9a68c605ff2a71910edfe7b5b","bytes":375409}}
{"source":{"wave":459,"partition":0,"offset":459,"checksum":"53b5bca398472c4bd5b94791f5c610535586bd634e0eae01bcc8e7d5b590a16a","bytes":375409}}
{"source":{"wave":460,"partition":0,"offset":460,"checksum":"73693d8c506cd88d823892d73e66b40e2ba7ed48e268e0d56abe609bd6c1110e","bytes":375409}}
{"source":{"wave":461,"partition":0,"offset":461,"checksum":"2a34eef8b37ae33d853f245bbbeaf42b1cb3840ea599835b6904726d6b4ef9ca","bytes":375409}}
{"source":{"wave":462,"partition":0,"offset":462,"checksum":"08c89028e29ea4f19f3d240c8dd1f2b990225e95608a2cf85a6fbe2d84b1cdc3","bytes":375409}}
{"source":{"wave":463,"partition":0,"offset":463,"checksum":"f4f9753965d4ffb10bce06c9068814518d0690b5a97da6cc35e2aa8ab5c19b5b","bytes":375409}}
{"source":{"wave":464,"partition":0,"offset":464,"checksum":"18107a23e3462de00323609a73737923e31e6d287dee44e7c87791203ac40ea7","bytes":375409}}
{"source":{"wave":465,"partition":0,"offset":465,"checksum":"4f4ef64db05d26bfd1ca146bf8f53186a432e4c1e88f90e64000d80a03a48c61","bytes":375409}}
{"source":{"wave":466,"partition":0,"offset":466,"checksum":"1e797312f720c0b9fed40d8ab9b4922304160fc10d46cc69ac688cd645015b87","bytes":375409}}
{"source":{"wave":467,"partition":0,"offset":467,"checksum":"e43deab976304711487c052d7848817334def5a8375b4f1b9fbfe6f6b5109208","bytes":375409}}
{"source":{"wave":468,"partition":0,"offset":468,"checksum":"1a3387f8198d3d4e31f2fc1f32844917484b379633b7f20ed8593d2dd3f9f8ef","bytes":375409}}
{"source":{"wave":469,"partition":0,"offset":469,"checksum":"834babd8a192bbcf25586b25e941541e17902c416280a9fb01be62a0c386904f","bytes":375409}}
{"source":{"wave":470,"partition":0,"offset":470,"checksum":"292e336638eed8b7a54bf21ff90ade25c5e2d6ad03dcaef110dced8f62dce93b","bytes":375409}}
{"source":{"wave":471,"partition":0,"offset":471,"checksum":"d4e97d06575297c2116a565ebbc604ca50fd5bb2624e46f1e0161823c615a280","bytes":375409}}
{"source":{"wave":472,"partition":0,"offset":472,"checksum":"3962b836bed7cab7a171dcd790e4db8f118b7dafb649f5c166f1519d1c8c833f","bytes":375409}}
{"source":{"wave":473,"partition":0,"offset":473,"checksum":"b35cca3fad27d1cdfacb30f0f046adcd7250002501bad64020fb20cb1ceb8b88","bytes":375409}}
{"source":{"wave":474,"partition":0,"offset":474,"checksum":"95a962168940005c561544cf390ed868385d8dc34ef2f30b5bbf7abe89a5e566","bytes":375409}}
{"source":{"wave":475,"partition":0,"offset":475,"checksum":"f39929029169bf094e6f09cf39487dd62cd8a72322451a6f5c5735530ec4b184","bytes":375409}}
{"source":{"wave":476,"partition":0,"offset":476,"checksum":"9dd54e8fa65c2ab658222a80343efb3d18604cdaaaf925da2867907e3838a867","bytes":375409}}
{"source":{"wave":477,"partition":0,"offset":477,"checksum":"063cb79c88fe8f1055d4143477b67a3228ce2411f96aa35754beb153876bfb9c","bytes":375409}}
{"source":{"wave":478,"partition":0,"offset":478,"checksum":"d736bf4a6e31eb2653a67f270058d442e48426705f7f7b63a299da6be552dcb0","bytes":375409}}
{"source":{"wave":479,"partition":0,"offset":479,"checksum":"b4d4a84d5880ce0f446b01df4950fedc4bf52b87d17b6156b7e88431918b2e55","bytes":375409}}
{"source":{"wave":480,"partition":0,"offset":480,"checksum":"af410cd13b1c82af05065493f88db90b8b1bf1bfbae89577f8da4225bb01136f","bytes":375409}}
{"source":{"wave":481,"partition":0,"offset":481,"checksum":"036cf7a39af133e77d0336b70a965b506228bb3f3aec3770338e5139c52479d6","bytes":375409}}
{"source":{"wave":482,"partition":0,"offset":482,"checksum":"d70b3d0c47f388b83a19a32f734e9d6a7188554fd6658614821e7abbd02c3bef","bytes":375409}}
{"source":{"wave":483,"partition":0,"offset":483,"checksum":"5f6edfebb3b2e356f6b40ec64648e63e2757d8f62bebc8fa1a8399d0c8b27e5b","bytes":375409}}
{"source":{"wave":484,"partition":0,"offset":484,"checksum":"85af51450404eb17ebeaf255356c723c7a86ed4128fd86ce992bfd263c95b156","bytes":375409}}
{"source":{"wave":485,"partition":0,"offset":485,"checksum":"650af21aed81c3226b995cb0d6b5c23413da390ce746c1fe7338e0ad34711e9d","bytes":375409}}
{"source":{"wave":486,"partition":0,"offset":486,"checksum":"f1f05f30f34751ee012f78acd04cabd7d2edf6fb5d97200139a16ebf033b5db7","bytes":375409}}
{"source":{"wave":487,"partition":0,"offset":487,"checksum":"e4ddf885337e96fb231d35eda6f4ad561662cf2b700e8c1f3d1930ead51894a6","bytes":375409}}
{"source":{"wave":488,"partition":0,"offset":488,"checksum":"6ba36a6d9b2f967e7bce6b23129650fd5ecc973465b06de0868bf4b21f7c3385","bytes":375409}}
{"source":{"wave":489,"partition":0,"offset":489,"checksum":"a2d24870d31f359a6549e2c87f52dc5d951c66f7ee47d14de3bde27cbe04c84e","bytes":375409}}
{"source":{"wave":490,"partition":0,"offset":490,"checksum":"a2e468b59b484cec5457de491f7b95a3e6927a0d2dcad2e75736bc75836a4a82","bytes":375409}}
{"source":{"wave":491,"partition":0,"offset":491,"checksum":"50187a6195254801092c63bab5c95753ad84fa4dba231df3b7f06594574eee2d","bytes":375409}}
{"source":{"wave":492,"partition":0,"offset":492,"checksum":"6e4ae19097724491c830cfb892df969c80ec1bbfb27c5cae47205e0666684e53","bytes":375409}}
{"source":{"wave":493,"partition":0,"offset":493,"checksum":"ca721801551713858867e3c1ad67a8db1ecde8d5cb18506eaa0dae1a3fd15274","bytes":375409}}
{"source":{"wave":494,"partition":0,"offset":494,"checksum":"03effe7585fda8e4a9a76dbc552b9b93c47de5f42259f91797d6656ea31a2fc3","bytes":375409}}
{"source":{"wave":495,"partition":0,"offset":495,"checksum":"b16d795cd246dbe0036c15817d7a569829adbdd4a52e610a51b9e9a7456c18d4","bytes":375409}}
{"source":{"wave":496,"partition":0,"offset":496,"checksum":"792d70235f85ae7c205d4dcf62d36f277094ed81e59ecdcdd112bab7c9399bf6","bytes":375409}}
{"source":{"wave":497,"partition":0,"offset":497,"checksum":"5daf6e985a433cbd96ba22a4e61d3805029b51b6737166f30b32807edc497ede","bytes":375409}}
{"source":{"wave":498,"partition":0,"offset":498,"checksum":"40b055bb1d0ca8e2af5ed037a95529e7d5d8c2e639e9523c2391f2629e7ad66c","bytes":375409}}
{"source":{"wave":499,"partition":0,"offset":499,"checksum":"ca54e672468e0e2ae0123834c350ad9c6367bd1aa6b33c6e4744e12e0cdab907","bytes":375411}}
{"source":{"wave":500,"partition":0,"offset":500,"checksum":"04286ded14f371cd5333387684dc9c2b7d0bee3e073f95b498215e0621f970c6","bytes":375611}}
{"source":{"wave":501,"partition":0,"offset":501,"checksum":"ead1a844b64e6dc7aac5565e8884854c93e1dc7717671d5ad04a61114cd1cd34","bytes":375611}}
{"source":{"wave":502,"partition":0,"offset":502,"checksum":"19b4e5bcf1129bacd7a2ddd03b0a4986085618b560e9b94faf9e01baccf621ca","bytes":375611}}
{"source":{"wave":503,"partition":0,"offset":503,"checksum":"dc4fb0ef32262d23cbc5b30b5a979186c857ee77548e5b4e799fc41e4c0015c5","bytes":375611}}
{"source":{"wave":504,"partition":0,"offset":504,"checksum":"878c1b6611132cdd463b94fee6e2bc499b6c782aac80bf7b4a27fbbbdab19ae9","bytes":375611}}
{"source":{"wave":505,"partition":0,"offset":505,"checksum":"e2d2a5c78b09a0f933a14d146776b7caddde91b41bdcdaf4aa207aa4f20d3792","bytes":375611}}
{"source":{"wave":506,"partition":0,"offset":506,"checksum":"5c55225f4d06d546bd4a3259a5f2c066c99ddb29bb5d60478bdb7af76b28d0f6","bytes":375611}}
{"source":{"wave":507,"partition":0,"offset":507,"checksum":"e002fa29532715ebb3280a4b9a250622aebb5abc8c1318bbb9e6f1f4ff5a9294","bytes":375611}}
{"source":{"wave":508,"partition":0,"offset":508,"checksum":"9036a9bdfd71460f6477a9051b1e6a78da1a3057caa3e7a9d293ed4786f0fef0","bytes":375611}}
{"source":{"wave":509,"partition":0,"offset":509,"checksum":"9cf2a534f8e2bfa5222f21faee5a51e7bb1ca269cfc0f4d48d4bb80406cb2d40","bytes":375611}}
{"source":{"wave":510,"partition":0,"offset":510,"checksum":"9b5afc7669bbeafc9740e5357ba576b2b395be48ddccf90c8a46d3d754941696","bytes":375611}}
{"source":{"wave":511,"partition":0,"offset":511,"checksum":"a809bc6012e7e545c2371126b1431f8f4776078b259b7244edd400fc2f0b4699","bytes":375611}}
{"source":{"wave":512,"partition":0,"offset":512,"checksum":"7a72b7e8511a81e41a05c86e24236a62fc715de964e07fd1ab76a253505b9936","bytes":375611}}
{"source":{"wave":513,"partition":0,"offset":513,"checksum":"b5adbc65aabed497cc32221c4fba3ae94c87fcb70eecd92e7c6b7d92d0dda093","bytes":375611}}
{"source":{"wave":514,"partition":0,"offset":514,"checksum":"797c3d2d6940c8781a367d15dadab9d217bd3f2982725ddff6dcc8b716580faa","bytes":375611}}
{"source":{"wave":515,"partition":0,"offset":515,"checksum":"fd4d593554c38ffc81b2ab26ae30a5aa7f14482fa6942cf6fb7f1816156db880","bytes":375611}}
{"source":{"wave":516,"partition":0,"offset":516,"checksum":"c6765c4c9dd68fd3e49fb5f74df86c82c2a9d771755dae1a3e05af0887a700b7","bytes":375611}}
{"source":{"wave":517,"partition":0,"offset":517,"checksum":"17f03ae8dce44a19aff41de8d8567fb371292370eeeaabaa4ca41f6472fe0804","bytes":375611}}
{"source":{"wave":518,"partition":0,"offset":518,"checksum":"20f7c8820445d2d937cc9609e45a6b805f3c5b8089c1d4fc60014328bd503547","bytes":375611}}
{"source":{"wave":519,"partition":0,"offset":519,"checksum":"c277a21bbe9d775dbf01d3e608d36b96ce8617a1516cd076144ef2219fd21ec2","bytes":375611}}
{"source":{"wave":520,"partition":0,"offset":520,"checksum":"6db2531b50d8b16b828ac85b654bca353e38c6a3d83987792b79d6ea4ecd8ef2","bytes":375611}}
{"source":{"wave":521,"partition":0,"offset":521,"checksum":"22a6a9f3ebd602862aae542f3cced9cf97dbb2b7616ae609db562f2172ee9a29","bytes":375611}}
{"source":{"wave":522,"partition":0,"offset":522,"checksum":"52f079dbb471ccb8e87d08e386ab5fefa2d393f495315a4ab1575b6da9ce18db","bytes":375611}}
{"source":{"wave":523,"partition":0,"offset":523,"checksum":"7cfc85648b72fd9304abfb93e18b24de23038b53becb36676ef5d8daa6f4978f","bytes":375611}}
{"source":{"wave":524,"partition":0,"offset":524,"checksum":"ba14392fc52ad7aa37686b9aedd582785facae0ac9ab17ef7452354eed30723f","bytes":375611}}
{"source":{"wave":525,"partition":0,"offset":525,"checksum":"42ca6bce5b56528806030c181fb58345ee6dea44adf3e92f0caa47c7d3985f66","bytes":375611}}
{"source":{"wave":526,"partition":0,"offset":526,"checksum":"82f3ddf73e75c726912e2bd2bbe57c6d400d93978cb677910bf8a0dd2758760a","bytes":375611}}
{"source":{"wave":527,"partition":0,"offset":527,"checksum":"7b83a0123c16c5ccf9455f977a988c5649b732f841d8a3aa932a2e061ed44f3e","bytes":375611}}
{"source":{"wave":528,"partition":0,"offset":528,"checksum":"55f84a2e24c63b4cc1373e438fc1ceaeb9ac539e6bfd5bc76f2b33fa8f09a2a3","bytes":375611}}
{"source":{"wave":529,"partition":0,"offset":529,"checksum":"fbcf691d489d2689da6dd6eec92c5493894cbdd48dd5bbe906d7ced50e5118e1","bytes":375611}}
{"source":{"wave":530,"partition":0,"offset":530,"checksum":"b9c86e0a823c9dc5368fc5dde98a7a51e6b547bdd4823449080b252a54708659","bytes":375611}}
{"source":{"wave":531,"partition":0,"offset":531,"checksum":"20ce083a259125094bc1ee310418c262fcce3203725d9d27ac9fd4dabcc3dcf2","bytes":375611}}
{"source":{"wave":532,"partition":0,"offset":532,"checksum":"fb84ec8065d30ad2efdf2e197984f730c16a5283b2a456c49077b3e4a6ef1c17","bytes":375611}}
{"source":{"wave":533,"partition":0,"offset":533,"checksum":"ad6395497932d80526931815de81ecfa0541734698c2bfe7ef248963b42e6192","bytes":375611}}
{"source":{"wave":534,"partition":0,"offset":534,"checksum":"0883f75288e30520d1c77e76ae1581b9b6e0c236ee37fbc45a90910fbe54bf31","bytes":375611}}
{"source":{"wave":535,"partition":0,"offset":535,"checksum":"9c662f796e7f8cfcbef07284377c47b00be42cbc67f239a254c49aebeebd2533","bytes":375611}}
{"source":{"wave":536,"partition":0,"offset":536,"checksum":"5e24d3393ad54ed368e271a2b5aa6b4edaae4d08688723100e19078ac433f658","bytes":375611}}
{"source":{"wave":537,"partition":0,"offset":537,"checksum":"6b5e1a48dbc2a59c6281624c7000b87ce1a33a9a4d52f0ccb0f61e25f8217e23","bytes":375611}}
{"source":{"wave":538,"partition":0,"offset":538,"checksum":"4da5536b7fba228bc9123944e0904ebea8067b02914c9be21ec5e5df7c176d9a","bytes":375611}}
{"source":{"wave":539,"partition":0,"offset":539,"checksum":"8b2a031d08c75ce0fd0d1e090bb98a707817d432fee5cadc1d60e10a1c62a38a","bytes":375611}}
{"source":{"wave":540,"partition":0,"offset":540,"checksum":"b8c07bbed1d820653c277b900b34f4cdb8ece36b2a2f59aecd3caa9b20d1e608","bytes":375611}}
{"source":{"wave":541,"partition":0,"offset":541,"checksum":"e5800f3eea0f8f0ff3ffc4544f9fdf2d182c10c9f3957b986ad451b7ae77b349","bytes":375611}}
{"source":{"wave":542,"partition":0,"offset":542,"checksum":"7ab8cb10223710b5db52dbeab158da1d5e9eca215157604ad9ee5c1569a076d4","bytes":375611}}
{"source":{"wave":543,"partition":0,"offset":543,"checksum":"63d3947413b0d414558b556cd8956a51befdc05366d20bba711896ec6076cb1a","bytes":375611}}
{"source":{"wave":544,"partition":0,"offset":544,"checksum":"7d144b967a42bb3b151caff8ed82df6cf51297064d7ea43c749acbf0bcf90d18","bytes":375611}}
{"source":{"wave":545,"partition":0,"offset":545,"checksum":"056b66b535ced8a344f46a3a0963b907e316522d2eb3aec0de49f4ed87a39f8e","bytes":375611}}
{"source":{"wave":546,"partition":0,"offset":546,"checksum":"346a8f705f82f8e07f11fbd314d6575640d4285957e791e8e736b2b662b59bfc","bytes":375611}}
{"source":{"wave":547,"partition":0,"offset":547,"checksum":"9d1f859225abd6df72994750da90a62873bc5fd7887a999a3d7d2589d7c27e22","bytes":375611}}
{"source":{"wave":548,"partition":0,"offset":548,"checksum":"3ddde2ca81219b99cd477640cb845d552cdad681d2a674217733e5e861b9148a","bytes":375611}}
{"source":{"wave":549,"partition":0,"offset":549,"checksum":"3239956248e3840d331aa8973896b718cb16f6831c34a6c86e606b6b1ce9ee3c","bytes":375611}}
{"source":{"wave":550,"partition":0,"offset":550,"checksum":"f4e32487301ea42602c96baf398c43d9722fbcf4f4de093776a8e1c8f0b99470","bytes":375611}}
{"source":{"wave":551,"partition":0,"offset":551,"checksum":"bdf4b3a22bba49d2e8ceff13f360684e1939abf092595bca34903dbb340118eb","bytes":375611}}
{"source":{"wave":552,"partition":0,"offset":552,"checksum":"ce27aecc8379b4ef26260b977208be64854cecd006adf39e69ddfb9b13226f31","bytes":375611}}
{"source":{"wave":553,"partition":0,"offset":553,"checksum":"7ad91dad55ee3e4dbd079883a814fd915ae9404ce49ddac698b54d61e1579057","bytes":375611}}
{"source":{"wave":554,"partition":0,"offset":554,"checksum":"37cda34fdcf2e73dd06240fb217832e293459d51bfa23ff2639142eadf036b28","bytes":375611}}
{"source":{"wave":555,"partition":0,"offset":555,"checksum":"413d95b54bc62fb5d21a37ed2e928b6d772c2f72ec19e5e050a8afdfc2b9a635","bytes":375611}}
{"source":{"wave":556,"partition":0,"offset":556,"checksum":"1cc1b6e90dd3862b7ffb4f2eead917c84223f32418e11fe78f408305f6eadbc2","bytes":375611}}
{"source":{"wave":557,"partition":0,"offset":557,"checksum":"313a28a8011368741c1494420801db2020c471d5e5b2ec36be63599613ed8e04","bytes":375611}}
{"source":{"wave":558,"partition":0,"offset":558,"checksum":"f70ee71c4b1bb40870e4ef6bb904f0f5230a70fafdd3a2e5e8e5d9a583d35213","bytes":375611}}
{"source":{"wave":559,"partition":0,"offset":559,"checksum":"8e3120e3ba750200de5df20cba96306573bc5c0efab1c2d43b83811a56f0c8c0","bytes":375611}}
{"source":{"wave":560,"partition":0,"offset":560,"checksum":"72111aa2da7957a8cb701bea3e06dea256819ef7bb251842d2d65eda38677701","bytes":375611}}
{"source":{"wave":561,"partition":0,"offset":561,"checksum":"6763579f0c488f0c78ad77c645d37eb5ee94d68f6f25a8332f750ee87db434ae","bytes":375611}}
{"source":{"wave":562,"partition":0,"offset":562,"checksum":"4ac95950762750b74c68c5495ac4029b4bd79ef5d76593cf4e91fd47983261e1","bytes":375611}}
{"source":{"wave":563,"partition":0,"offset":563,"checksum":"1149f9f8d172392e16cddbd2d5110d284f2514ff6cd54e7a8e13f0177cf865f4","bytes":375611}}
{"source":{"wave":564,"partition":0,"offset":564,"checksum":"34d1554c9237fbd008fd23a37a0ccc9b93c14e92ef547c2f9232d839e433d0df","bytes":375611}}
{"source":{"wave":565,"partition":0,"offset":565,"checksum":"d313039fe444d78355ecb7b307ae86f2f90abea45966c9dd1c1cbad52bccf390","bytes":375611}}
{"source":{"wave":566,"partition":0,"offset":566,"checksum":"c6bb1a7398d9769667344a775fd05aa1475c21488927b8cccaf139229aad28cc","bytes":375611}}
{"source":{"wave":567,"partition":0,"offset":567,"checksum":"cb7f989987fdbc1964a0f163eba0fc7c9b9daece3ebe6c54ecfd81946be22538","bytes":375611}}
{"source":{"wave":568,"partition":0,"offset":568,"checksum":"0d7b586504c13fcd4bce2064160a4b5133b2b04043d787408e017afa8431e1dc","bytes":375611}}
{"source":{"wave":569,"partition":0,"offset":569,"checksum":"5d612bd3349b8a91267e7feeca1e4360a0d9410c79311d38a5598262b5906f80","bytes":375611}}
{"source":{"wave":570,"partition":0,"offset":570,"checksum":"76a5d7a7c4e4f16526ca7d49c4bcb337a32e340fe04e3bdd356263dff81ab1bc","bytes":375611}}
{"source":{"wave":571,"partition":0,"offset":571,"checksum":"d2f3db8096a9c80c17ba5884df9409eee42b24a8381d52f1b0ae10b7699ff278","bytes":375611}}
{"source":{"wave":572,"partition":0,"offset":572,"checksum":"90dcd0ad6d0b9229a47678c0892742ca47ea7c4d8e9da224127991f640473b0f","bytes":375611}}
{"source":{"wave":573,"partition":0,"offset":573,"checksum":"f519e5c7617df4fecc4a2a40b65a8b25df61ca617234e4b09fe587a09a73484e","bytes":375611}}
{"source":{"wave":574,"partition":0,"offset":574,"checksum":"c50ff5ef87025a13e5eecb3e7df509b4aa26fb5eee75e2170950b2075af7640f","bytes":375611}}
{"source":{"wave":575,"partition":0,"offset":575,"checksum":"c0e5527ebcdbb5d601c0fdd0eb3a4c3e5f06ec2bcf8a99f37ccddb2896320c15","bytes":375611}}
{"source":{"wave":576,"partition":0,"offset":576,"checksum":"92bacd9a6ecd86daea892bac1b22e5a67e558733d02da1a91ae089b9f49d0041","bytes":375611}}
{"source":{"wave":577,"partition":0,"offset":577,"checksum":"9582df4dbdbe3e4cab209d8b94de58b3735089a5102f7ace9998f859ecc23bd9","bytes":375611}}
{"source":{"wave":578,"partition":0,"offset":578,"checksum":"754b119c5be9f4e945e1266d9358bc411240f2370a2bcf7583d10ee79a010d33","bytes":375611}}
{"source":{"wave":579,"partition":0,"offset":579,"checksum":"4bcd8c98318f570906fcbaa1f99cae4ff5f8c116f690cfbe2f377ac06609e420","bytes":375611}}
{"source":{"wave":580,"partition":0,"offset":580,"checksum":"e25eba68eb1d6f9654050416fcc873daa58a1db10a57adb5764c19b7fdec59b6","bytes":375611}}
{"source":{"wave":581,"partition":0,"offset":581,"checksum":"186ec16c6481400794b860457c0028df40b1722d8ad1c6099b2eeacadf35721d","bytes":375611}}
{"source":{"wave":582,"partition":0,"offset":582,"checksum":"2e456f21542e83984504afa935fbd75c8eb30eca64b05cdfb648502cbb15c031","bytes":375611}}
{"source":{"wave":583,"partition":0,"offset":583,"checksum":"fd9f567300da4579b64a50ff07c50bd63ead7e0e8b82d96b0e1fd61520883cd3","bytes":375611}}
{"source":{"wave":584,"partition":0,"offset":584,"checksum":"571a0be2c281d5f4d4d26ac4952dffe4721e62cc55e350c700b058ca039dbc31","bytes":375611}}
{"source":{"wave":585,"partition":0,"offset":585,"checksum":"793efea0a6d7a5546257ef59358ddf1b19449e75470f03c1c24cacc397b9961b","bytes":375611}}
{"source":{"wave":586,"partition":0,"offset":586,"checksum":"9f8d9e683c5570babd49b0a2ccebcb3455de7c6d120ad3a118f960ff169c90b8","bytes":375611}}
{"source":{"wave":587,"partition":0,"offset":587,"checksum":"6a8f3bebc84659ee884dbc66a9a84f49b7bcad530d100cc87ae95860a25251f5","bytes":375611}}
{"source":{"wave":588,"partition":0,"offset":588,"checksum":"efc6b0104c5f7301488f197842a040078f728e23002dea77dc429f545bf5afcd","bytes":375611}}
{"source":{"wave":589,"partition":0,"offset":589,"checksum":"0e67c4a4c9eb40823803fc057f10d0aa9464a5a44170e7613f9de75909aa8641","bytes":375611}}
{"source":{"wave":590,"partition":0,"offset":590,"checksum":"4c64c5a9e4f989ffb77ef64bbf378aebbe02f562c2c2b702e8b30209d3c712d8","bytes":375611}}
{"source":{"wave":591,"partition":0,"offset":591,"checksum":"57207bf4b847717e4b2b922f401d26b630d3fd6a21ffe1e1be6f4c3d68a35e94","bytes":375611}}
{"source":{"wave":592,"partition":0,"offset":592,"checksum":"a979f58268026d757e5d12a9eced6c1a27bf901ac4d275bbc59a12851ddd777d","bytes":375611}}
{"source":{"wave":593,"partition":0,"offset":593,"checksum":"2d6a637b5e015e0d8343384d6613f873c4c0713a2d0e1dd3c5f75bb0898d2026","bytes":375611}}
{"source":{"wave":594,"partition":0,"offset":594,"checksum":"1208201a1e61b5a6fab7857b3ca10ab6a89278202a912a92357315275cc7e9ad","bytes":375611}}
{"source":{"wave":595,"partition":0,"offset":595,"checksum":"1859967ffa640c995254b89af8ff3995932d126d8a9c66fa598c75deb20b5a5b","bytes":375611}}
{"source":{"wave":596,"partition":0,"offset":596,"checksum":"d2414994addae44f7bfd3fe3e99a276a0f1adcac038aae732a667552506a7e1f","bytes":375611}}
{"source":{"wave":597,"partition":0,"offset":597,"checksum":"2cff1a0bc3e349791c30a20d30c25bbefae2096c2439707f1530bd22e57b0cc9","bytes":375611}}
{"source":{"wave":598,"partition":0,"offset":598,"checksum":"82a516a6f6d3e593ea432381efe80336688a6a034e13609ba4702988e3dca27f","bytes":375611}}
{"source":{"wave":599,"partition":0,"offset":599,"checksum":"3431ec75b9fd41930aa8f55ca916995538790cb77367fc7a333049dd4e32cb9b","bytes":375611}}
{"source":{"wave":600,"partition":0,"offset":600,"checksum":"113fbe19661f5029e01aaa089f9c3609442616c36c411b19f87558c923f29cc1","bytes":375611}}
{"source":{"wave":601,"partition":0,"offset":601,"checksum":"c9dbe314c22fc1283a73e225304ad68154e6e3556cf0fa2c12e5f81405db557c","bytes":375611}}
{"source":{"wave":602,"partition":0,"offset":602,"checksum":"82d3526de015a5dc687cf91871c8637fc3b150fde4eac3e3fe2dc85e5ababc87","bytes":375611}}
{"source":{"wave":603,"partition":0,"offset":603,"checksum":"b710f445da68d5021068e50998ffa17d08810979769d83fce49b94fa9e4b49d2","bytes":375611}}
{"source":{"wave":604,"partition":0,"offset":604,"checksum":"5e69b139c54ff1018b989ebdc3b14a12a2a9bf4496c7d9fbdf17ed1da6154cbf","bytes":375611}}
{"source":{"wave":605,"partition":0,"offset":605,"checksum":"c278a7b64ac782e3c6715e62fec52a747b0b0f6d7da49089cd728a33c91c6f1f","bytes":375611}}
{"source":{"wave":606,"partition":0,"offset":606,"checksum":"7a77a85e688b58896f75f4cad849c904a23d8a12795fbfe2b702374be965b78d","bytes":375611}}
{"source":{"wave":607,"partition":0,"offset":607,"checksum":"b5a8e4e0529ed14406ee7283ecc9ab5088f257330c17ca53ee639d759595e607","bytes":375611}}
{"source":{"wave":608,"partition":0,"offset":608,"checksum":"acc51129baf95a62b2b54b400c41c1bff870e308ab49baa8856d3a89d313d369","bytes":375611}}
{"source":{"wave":609,"partition":0,"offset":609,"checksum":"483cbc397d95a0667e6535443494e5fd232f99fa270601d5cb9dc2e4a1471575","bytes":375611}}
{"source":{"wave":610,"partition":0,"offset":610,"checksum":"6b2e8626bcdbe1b280d876c4eb9bacf2ee4b6c7f7cbe1ffe588f4732f3fa7b87","bytes":375611}}
{"source":{"wave":611,"partition":0,"offset":611,"checksum":"9eb43b9ffae2d0a445a6dea740468df8ad1702329cec3f1d6fb7aa7505a2647b","bytes":375611}}
{"source":{"wave":612,"partition":0,"offset":612,"checksum":"2d57f72e4294afde081a2a69cb8c7f748c310b65a2658282a7182d005e63eb45","bytes":375611}}
{"source":{"wave":613,"partition":0,"offset":613,"checksum":"a907839a7cbc4c3e60134a423653f4508bb72a3e08e58dd604b529a75907a117","bytes":375611}}
{"source":{"wave":614,"partition":0,"offset":614,"checksum":"35900a8e6e2955cde9568385d9228274758020d5d23c671720b40dbb5ee1b454","bytes":375611}}
{"source":{"wave":615,"partition":0,"offset":615,"checksum":"ac43c041cb588db5d7d06ad2ba909b7cd1489b5c9a327e2252e27f48dacb1ad6","bytes":375611}}
{"source":{"wave":616,"partition":0,"offset":616,"checksum":"9886e51e2f6c02aac3d557b41df6e34987d4fe5051b9f867415b6758d83388e7","bytes":375611}}
{"source":{"wave":617,"partition":0,"offset":617,"checksum":"49ed95c0efa50ea6edb2439e7fbe64a62b595db889a4b8dd003b4da76154141b","bytes":375611}}
{"source":{"wave":618,"partition":0,"offset":618,"checksum":"181ef986ea04f33bbbbf03c7bea770b5f97247d9603fe4c7d6b7f53339dc6038","bytes":375611}}
{"source":{"wave":619,"partition":0,"offset":619,"checksum":"5ca5f8d6cb4e40b39f2da1d3248f7750d8b1d9eb90871de8f902ae484789f29d","bytes":375611}}
{"source":{"wave":620,"partition":0,"offset":620,"checksum":"567432684430086e4e5043a8cb99c6efea61b2b68813af81325bb46dc0aaa62a","bytes":375611}}
{"source":{"wave":621,"partition":0,"offset":621,"checksum":"bbbe1301922e833cfeb3c1d95d008dfc16e7044620775f5bc7b23d2948c27fc9","bytes":375611}}
{"source":{"wave":622,"partition":0,"offset":622,"checksum":"1d8b5cafe17f0a750446f4f042827679eda6bb2db6c4937ee167ac912002b426","bytes":375611}}
{"source":{"wave":623,"partition":0,"offset":623,"checksum":"2dd2116980b38b7b51feb8ba0897445c7fb11e3fa2fc6dea7d3f399b7471d7ed","bytes":375611}}
{"source":{"wave":624,"partition":0,"offset":624,"checksum":"64d6a6be1df444ce1e95194924b4bf0e736857edb4891b71b7864296ffbb2068","bytes":375611}}
{"source":{"wave":625,"partition":0,"offset":625,"checksum":"7ddc2cb058797ea2c7f7290a28debc1ce959256f6c7f98ed2727c92940080e49","bytes":375611}}
{"source":{"wave":626,"partition":0,"offset":626,"checksum":"ec4641cce542dd60977d7bb6b90d18fbd8e1aa56aab55ccdd0352876559783b2","bytes":375611}}
{"source":{"wave":627,"partition":0,"offset":627,"checksum":"e1674eda5437e9afa5a5286043252c8fa63e792f6592bb9e2fa6461c424488a8","bytes":375611}}
{"source":{"wave":628,"partition":0,"offset":628,"checksum":"f69d636bc3f1e69e03e9ead6f0d19b05604b91f3999ed956d2cfafafae6b856b","bytes":375611}}
{"source":{"wave":629,"partition":0,"offset":629,"checksum":"306a55baafabb02def31b13976befe6e8a99fe5a6859ea9b4c99b8a1c45b23b8","bytes":375611}}
{"source":{"wave":630,"partition":0,"offset":630,"checksum":"aa6d3e94978c65e0267f4875e43cba0bdd8ef5d9621a7d490132f381892349d7","bytes":375611}}
{"source":{"wave":631,"partition":0,"offset":631,"checksum":"8ab48786c23bd2bab6b1dd22512fe0656c638068f264b16929cb3311939eb9af","bytes":375611}}
{"source":{"wave":632,"partition":0,"offset":632,"checksum":"237d2d86c34bf03155462226e0c674c26115c455b5348d6a26d3d64981eb0360","bytes":375611}}
{"source":{"wave":633,"partition":0,"offset":633,"checksum":"a35544cb14f8727112eb872d2e0766741d41e4a77b7301114f787bc6b3f74d93","bytes":375611}}
{"source":{"wave":634,"partition":0,"offset":634,"checksum":"b2e95915e92cacd753b17b89f97db312f8bd1c0f84d3d86bbb27efc4a44a12bd","bytes":375611}}
{"source":{"wave":635,"partition":0,"offset":635,"checksum":"fdc950f73811e3add54ecf184db503974514cb24a606dbf557a7bf7b1f478d9a","bytes":375611}}
{"source":{"wave":636,"partition":0,"offset":636,"checksum":"fdaafc9c2a769e276575f977009680ad556af34e5104d42f5fd1703c0687bf54","bytes":375611}}
{"source":{"wave":637,"partition":0,"offset":637,"checksum":"07f29f8e5ddbfd397aa7d5d7d00fdd84c44e7ab4a97524732684772d9a824244","bytes":375611}}
{"source":{"wave":638,"partition":0,"offset":638,"checksum":"bfa06b4cc1d3c4030b69516d49d53f85e6d10826f4b59674e8f1b7329e6c6322","bytes":375611}}
{"source":{"wave":639,"partition":0,"offset":639,"checksum":"e8f030e935a4c0f3100bcbdab976db7b16b7214ac282e29dd6e499fc45bb3f85","bytes":375611}}
{"source":{"wave":640,"partition":0,"offset":640,"checksum":"41b1a2b0ba22feaf81a4cab239d284f11c124da07e4d5a4921dbd0f70b422123","bytes":375611}}
{"source":{"wave":641,"partition":0,"offset":641,"checksum":"b14b190bc319306c7b1b2d362a0adfcae754dcbe26611e638f6c7ac29d44f02d","bytes":375611}}
{"source":{"wave":642,"partition":0,"offset":642,"checksum":"4a0e4dd09ffbc26d927a9e0cead9d5a12d41690e84583a3f40b82e4d8dda2854","bytes":375611}}
{"source":{"wave":643,"partition":0,"offset":643,"checksum":"69d9c9661ab9ea732fc157238b487ca1b65c008af65d19e25e3e516a3dda4a46","bytes":375611}}
{"source":{"wave":644,"partition":0,"offset":644,"checksum":"0849d4590e673507e7616573147e33327234a75b9ed5a772f6f0ba567fa98c2f","bytes":375611}}
{"source":{"wave":645,"partition":0,"offset":645,"checksum":"7416054f39483ca448ef0c74084df6c7a9111fe143d4e9f553c1dd5c1732fd32","bytes":375611}}
{"source":{"wave":646,"partition":0,"offset":646,"checksum":"b2a728bbe5315028233725eb37f3c2d50c4e7bc9ab85666605d0d527653ce7e7","bytes":375611}}
{"source":{"wave":647,"partition":0,"offset":647,"checksum":"36e55b1643e44b61b5ff6562b468b0f5cbc0ef23c33e8e6ed75669b903a32254","bytes":375611}}
{"source":{"wave":648,"partition":0,"offset":648,"checksum":"061c3e03c8ab7b64f22d4840b18165d9441437e4a63729b4a6cbf575f126d51e","bytes":375611}}
{"source":{"wave":649,"partition":0,"offset":649,"checksum":"591bf5ac4332cfb7b99fd9703500b34c06c7605fa2b7ce737f765903687c60ab","bytes":375611}}
{"source":{"wave":650,"partition":0,"offset":650,"checksum":"df35fc77406fcdf7e4d88a0d45752ccf8a0f79a799153dce6f6f31f80c783710","bytes":375611}}
{"source":{"wave":651,"partition":0,"offset":651,"checksum":"f00f899a1b29134052c6d12f5cf495bd0de1a68c37e808616a3e6e7be0acd1e8","bytes":375611}}
{"source":{"wave":652,"partition":0,"offset":652,"checksum":"ca6d27a0041c3a5864b3c3614ff217fe1bf559deb291bea043297431a07fead5","bytes":375611}}
{"source":{"wave":653,"partition":0,"offset":653,"checksum":"5f94ad7af0d4b94fa10361cd771df32d6211aa8f3460cf6bfd8e0632931122a1","bytes":375611}}
{"source":{"wave":654,"partition":0,"offset":654,"checksum":"ff69992b351039f49a9a5c4b3fa69f5df0f170c8eb215952842f734b18ea8ae1","bytes":375611}}
{"source":{"wave":655,"partition":0,"offset":655,"checksum":"adbd15a4ab408e9912ef397dbabbf17ce840ec21cd500f22f1097ff019559c57","bytes":375611}}
{"source":{"wave":656,"partition":0,"offset":656,"checksum":"319c1044137f49331606e4d59d00a8308c7402da942240c68bfb5e29f1899700","bytes":375611}}
{"source":{"wave":657,"partition":0,"offset":657,"checksum":"9e59b9d2a9cdc8208905872bf4689e48cfc324c56609962dc4b31657547f0f57","bytes":375611}}
{"source":{"wave":658,"partition":0,"offset":658,"checksum":"c1fa0ce8aaddf44808b1988a788edfd7edb3d771a6592bc89c5ea91381852ef2","bytes":375611}}
{"source":{"wave":659,"partition":0,"offset":659,"checksum":"77ce3d682e3311cece8754c1a6fa9f712e0140cf6377496cb0571c107c6e43d1","bytes":375611}}
{"source":{"wave":660,"partition":0,"offset":660,"checksum":"b55f5763ee35d0dce7068a8918b3ecbaeb7fb9eee17b2cdf59d57d9efb02603f","bytes":375611}}
{"source":{"wave":661,"partition":0,"offset":661,"checksum":"4bbc969ffed57a5bead41d92d47ad51337263e6ad7f2b06cde1a3982bf1649d3","bytes":375611}}
{"source":{"wave":662,"partition":0,"offset":662,"checksum":"f824a8ec9fe35202248f5d1922155d3564dcdf8f1a5a7381cd9ed79e3f21db11","bytes":375611}}
{"source":{"wave":663,"partition":0,"offset":663,"checksum":"2b5de6953ecb2bb770fc0a2b8eb6cb24c6bcb9f507a9e2e1f7fe9b43a90947d8","bytes":375611}}
{"source":{"wave":664,"partition":0,"offset":664,"checksum":"34593a1e83cbe1d2cd1a94ad075681f4101154f4419c289b53c3db64683f7fac","bytes":375611}}
{"source":{"wave":665,"partition":0,"offset":665,"checksum":"de78c01d674a22265f9e440320f96a4712e149c15e0cf4c04c9ef70cee47ca01","bytes":375611}}
{"source":{"wave":666,"partition":0,"offset":666,"checksum":"1efc3fe0bc6b63de3169bd1e59d36b9f92e6b34f4f5247f97f0aacafc04be662","bytes":375611}}
{"source":{"wave":667,"partition":0,"offset":667,"checksum":"856bac2d0e10ed8836663b876ef0ef6abc84c3bd2a77f00d47fd1750893441c4","bytes":375611}}
{"source":{"wave":668,"partition":0,"offset":668,"checksum":"fd6fe7e7045ce2d9a399a41c7b3acd2608d89f19c26ea2dab7fcad794e233c47","bytes":375611}}
{"source":{"wave":669,"partition":0,"offset":669,"checksum":"bb03aa84b6db357e6f71739d2b0fa1ae00a8ab607b1d373a0ca78670731736d1","bytes":375611}}
{"source":{"wave":670,"partition":0,"offset":670,"checksum":"c3640bcd1905d2929e459a4d445f29dc098308d375048baf52ef7891409b7411","bytes":375611}}
{"source":{"wave":671,"partition":0,"offset":671,"checksum":"f1ae43601c9a33459e17794355cbb697bbaf2d833179928df6f387bccfbe0cbe","bytes":375611}}
{"source":{"wave":672,"partition":0,"offset":672,"checksum":"58c390d126d133a4c45e999605054b1b10b74943d940239c94f9c7e161fa009a","bytes":375611}}
{"source":{"wave":673,"partition":0,"offset":673,"checksum":"5c4626500eb78f8f9a456772fe75bd515436946b0d0019141355349e13c64868","bytes":375611}}
{"source":{"wave":674,"partition":0,"offset":674,"checksum":"3c5f6181bce21b9d98765432ca386a3bb28e83db2be03274b4d0fe8d9458d64d","bytes":375611}}
{"source":{"wave":675,"partition":0,"offset":675,"checksum":"340254c6579f84a2afa7daf836b2e1c2ac92706a6ffff9dfd64ef92272cf3fb5","bytes":375611}}
{"source":{"wave":676,"partition":0,"offset":676,"checksum":"9a0b2803ae3ebb56475eb320064e32e31e3369ad3a1b54e1eb0ef81c26f16230","bytes":375611}}
{"source":{"wave":677,"partition":0,"offset":677,"checksum":"847c0543b37828d55118c75bcf83ca71cc52e3c7ccb1e1beca38ce6b79b802af","bytes":375611}}
{"source":{"wave":678,"partition":0,"offset":678,"checksum":"f6f3201b46b035267375b8dd61a834a0b3959a616cad1874775172535a9dfe8f","bytes":375611}}
{"source":{"wave":679,"partition":0,"offset":679,"checksum":"4d3a5046532de104b00d798b57a18b52bf66083c011dcc1c666885727fc6ace0","bytes":375611}}
{"source":{"wave":680,"partition":0,"offset":680,"checksum":"e6caa3fdfebb2897880a9256c8bc6bac14a33cccb6656a0f142ecc42815752f0","bytes":375611}}
{"source":{"wave":681,"partition":0,"offset":681,"checksum":"3b25b1b619b181ee0b8529208cb76472291d4c12fdc7201361545418f2707ed0","bytes":375611}}
{"source":{"wave":682,"partition":0,"offset":682,"checksum":"df102453519e6ec25db03039a49e50fdcfc065e4a5f0904b52cdd91d1402358c","bytes":375611}}
{"source":{"wave":683,"partition":0,"offset":683,"checksum":"2d6ae9fa7921f0efce1a5a45f02af975bee75c514a1d9cdca37937731599451c","bytes":375611}}
{"source":{"wave":684,"partition":0,"offset":684,"checksum":"cb8e170067cd502fcf47b508682f55ada81e421cf20a22e85d11dae151e9cc93","bytes":375611}}
{"source":{"wave":685,"partition":0,"offset":685,"checksum":"14e5c01de0934ef23fa3fcb69258eb128826f34f4422d49378d3e36af6f11a52","bytes":375611}}
{"source":{"wave":686,"partition":0,"offset":686,"checksum":"a41daffd39c089a28302091448253824710dab65f28719cd17c9f5e123abc300","bytes":375611}}
{"source":{"wave":687,"partition":0,"offset":687,"checksum":"18a20bd52cc85698bd6af9e32d16457232e154face76cf875046e6b9940de19d","bytes":375611}}
{"source":{"wave":688,"partition":0,"offset":688,"checksum":"6fe8bc8183b534a69c0dcd8d4a30093dfda410aa1aceff2c48de4e4f27364529","bytes":375611}}
{"source":{"wave":689,"partition":0,"offset":689,"checksum":"8cb61db518245bffd4e4fdcc5c33dec0705b3c9315bb009550c055a823327190","bytes":375611}}
{"source":{"wave":690,"partition":0,"offset":690,"checksum":"1ed5ba2f35eee8ac3e57136ad8d5b2e14aa69ee501f2ccfa113338bce07e1277","bytes":375611}}
{"source":{"wave":691,"partition":0,"offset":691,"checksum":"634503d2dc8d898dabaf77e96507b30d6ec8e51fd26e2c3101a038ab250cf507","bytes":375611}}
{"source":{"wave":692,"partition":0,"offset":692,"checksum":"71b84fdc3e1e87629a72166c32e3fa4cc1b01e739e7fab4d51567e29d8f953b4","bytes":375611}}
{"source":{"wave":693,"partition":0,"offset":693,"checksum":"17dc18534de16b256380c56c71d50793bb4a2a040b2c870027837f65a857c518","bytes":375611}}
{"source":{"wave":694,"partition":0,"offset":694,"checksum":"6c3140043f44e306574a185df5721749987aefca863972db8bfb09de07f7d125","bytes":375611}}
{"source":{"wave":695,"partition":0,"offset":695,"checksum":"70e3e63c15d4092e31b54c78b5f5377e60b1f7a95a7c24e6d8acddd385ecec17","bytes":375611}}
{"source":{"wave":696,"partition":0,"offset":696,"checksum":"2719fb8cb56e22baf43247383e964cf580a88322a2b231295102c8c815b9de02","bytes":375611}}
{"source":{"wave":697,"partition":0,"offset":697,"checksum":"1b9588d5d042cea0b1ffdeeb5f81355275abd71351931b134b2c02e915746a3f","bytes":375611}}
{"source":{"wave":698,"partition":0,"offset":698,"checksum":"b2a30f42cb5007d920312b317b251b2a0b5eeb6b193f4e3b039a43760e32718a","bytes":375611}}
{"source":{"wave":699,"partition":0,"offset":699,"checksum":"751ebbdd5c21338756d6b2189ca7fe08b9cb9cf4a586fad4a3fd848b72496435","bytes":375611}}
{"source":{"wave":700,"partition":0,"offset":700,"checksum":"781d47334dcc282aadf066b4f31db05e234f4e135d5c6d370887a33cdda367c8","bytes":375611}}
{"source":{"wave":701,"partition":0,"offset":701,"checksum":"8e445154a22c1f34affc5e3739f8c01258ceff9835fa29c4dce1dfdf83f97e2a","bytes":375611}}
{"source":{"wave":702,"partition":0,"offset":702,"checksum":"ad1e01a01e290adfdfaba3cc9b2d6f1a349f6e95fde1562e1d82ec03aa068fb5","bytes":375611}}
{"source":{"wave":703,"partition":0,"offset":703,"checksum":"547c85c71a9b548e51fa837763cc70c48bf9991e119c69e12e7789d4e3cd6ad0","bytes":375611}}
{"source":{"wave":704,"partition":0,"offset":704,"checksum":"0a92a5c1769806424224101cfc0aeb66644c7df7e4cac53ea3f4e07dd8991eee","bytes":375611}}
{"source":{"wave":705,"partition":0,"offset":705,"checksum":"53fc61323c043a1be0b4f4cf5530203a942b2c73f68a87b58c5ccecdd4177cba","bytes":375611}}
{"source":{"wave":706,"partition":0,"offset":706,"checksum":"6d5b57632fd42f624c203021be9cb50275ed866d28a401abf7b6f25cf1df1e46","bytes":375611}}
{"source":{"wave":707,"partition":0,"offset":707,"checksum":"332882608f25245792151b6e6b473add07e6ed619a8c3b500bf77468884ddcde","bytes":375611}}
{"source":{"wave":708,"partition":0,"offset":708,"checksum":"cf42a344ffb7b8c534b0bef0517e37304bb880b4bc333b04bd024a387bbede08","bytes":375611}}
{"source":{"wave":709,"partition":0,"offset":709,"checksum":"dcfe44f34befebe89d52c6f4c801c506a8e9722dd650b2937241c028d0f6c856","bytes":375611}}
{"source":{"wave":710,"partition":0,"offset":710,"checksum":"3630b3a41a43fb30d4e679dbff3782a4156e479c58fcbc6b482bb9cb129d2cdf","bytes":375611}}
{"source":{"wave":711,"partition":0,"offset":711,"checksum":"bf59808cda56d24edb60c533ba101f499da4884a0c2a810c97d5b9fbe5f2e03f","bytes":375611}}
{"source":{"wave":712,"partition":0,"offset":712,"checksum":"c57a06412dfbdef1736615ba299cadabc591c934439b1dc89dcfade095e06af4","bytes":375611}}
{"source":{"wave":713,"partition":0,"offset":713,"checksum":"f7720470da0debcd5e3fcca0a1e02525dae66f5af825b95a89d47fb10f22f374","bytes":375611}}
{"source":{"wave":714,"partition":0,"offset":714,"checksum":"28d857e09591212d4b9a00c6298325c4bbb618e54d1a26e4389785ec28d616dd","bytes":375611}}
{"source":{"wave":715,"partition":0,"offset":715,"checksum":"05fc94ea391e0833322c84e93527eea40bacf314730f2c267b0ad88c436e5cb6","bytes":375611}}
{"source":{"wave":716,"partition":0,"offset":716,"checksum":"22e8d0709871c546d13a0ed3e735a44647c79be1be30c123046226ae39a85105","bytes":375611}}
{"source":{"wave":717,"partition":0,"offset":717,"checksum":"3a48fc702682dbebc411dd2451a60a392a155d4f66e76efecfacb60ee6bdc7b6","bytes":375611}}
{"source":{"wave":718,"partition":0,"offset":718,"checksum":"b9c35f39635b50cb1c0eee9523166c60574820f579baaf69a35f9c7216fd640c","bytes":375611}}
{"source":{"wave":719,"partition":0,"offset":719,"checksum":"674f89b45c4ef8edfa5e0e6be8d7f60a84a39f32a7cfd95faa8f2051c0e091f7","bytes":375611}}
{"source":{"wave":720,"partition":0,"offset":720,"checksum":"5753b4b91f4a2d3fd357d2ca5c7b7c9ce41a75f505b01d6400761bb99aa7e9ca","bytes":375611}}
{"source":{"wave":721,"partition":0,"offset":721,"checksum":"548e107a16b77a795e9c7811b23584a61579a56fb389fbc58a7368e66ee24f40","bytes":375611}}
{"source":{"wave":722,"partition":0,"offset":722,"checksum":"2044f1f70b097413e8f0cf31e966d786ab92410de9ccbdce57a99dd3d7d90f7b","bytes":375611}}
{"source":{"wave":723,"partition":0,"offset":723,"checksum":"1b8b84540b9b918e21a38e886e8c587a396755f1c63ff266e4f43a3e1bebe19e","bytes":375611}}
{"source":{"wave":724,"partition":0,"offset":724,"checksum":"366f11c22199ba712464b6e5b39d8b80cf760067222f3e28560f7708da6c2ae0","bytes":375611}}
{"source":{"wave":725,"partition":0,"offset":725,"checksum":"3206e5243f9bd100d6ff1d995185422dbe4ce0c838011730ff513d023fd321a4","bytes":375611}}
{"source":{"wave":726,"partition":0,"offset":726,"checksum":"259e736758fd1a86de748805faff4a749e530a49bd73cbf6622da85309039fb8","bytes":375611}}
{"source":{"wave":727,"partition":0,"offset":727,"checksum":"2b51a5ed5603171fac1276fcaf94e4c99291a2f2df314d64ebae9af5c043aa70","bytes":375611}}
{"source":{"wave":728,"partition":0,"offset":728,"checksum":"626b74c763b6e7d704bfeb6041b6acf3aa836160d17aaa5f79bc8f6dcd8b39cf","bytes":375611}}
{"source":{"wave":729,"partition":0,"offset":729,"checksum":"cfd0129e7404ad6e477630bd889e37336052f4c497a5d31f7d104bf35337d07a","bytes":375611}}
{"source":{"wave":730,"partition":0,"offset":730,"checksum":"fac1253ec9fa1e56557dca6474f54910e3308f35f09185d39dcf18cfc1b97567","bytes":375611}}
{"source":{"wave":731,"partition":0,"offset":731,"checksum":"c5b54de3bec0f36216c6b8cf5526bf47f5ed79458ede627e96358ce0d73dd486","bytes":375611}}
{"source":{"wave":732,"partition":0,"offset":732,"checksum":"8b7f9c67f5e72f723cca2e37618db6fa1a97aeb1ccb541df2c1986ddc336477b","bytes":375611}}
{"source":{"wave":733,"partition":0,"offset":733,"checksum":"8ce1fccb87088510a6fe86b3448ebb53f830c313b7c38b858539b81f922ca748","bytes":375611}}
{"source":{"wave":734,"partition":0,"offset":734,"checksum":"992cfd5c4a8e865d7d2efb592993d652166eaff6597011b8a727bb18a18339b5","bytes":375611}}
{"source":{"wave":735,"partition":0,"offset":735,"checksum":"4793073f2f36215482f59c29b13d6205c80592d61cba8a4f506e82b1e5ce7d59","bytes":375611}}
{"source":{"wave":736,"partition":0,"offset":736,"checksum":"bbdff246b7a99121fb7847b5979450887a0956a66b581b4ee40b415646e42fc5","bytes":375611}}
{"source":{"wave":737,"partition":0,"offset":737,"checksum":"6590fbe4bc8fedb44e5e0109d0d8eb50a10b41f5084fbd14368253559ddc4e78","bytes":375611}}
{"source":{"wave":738,"partition":0,"offset":738,"checksum":"61541800d0995b42a8ea242c5dd5e29f90158e8781179ea6754365a59eda3830","bytes":375611}}
{"source":{"wave":739,"partition":0,"offset":739,"checksum":"c91408f2e1080ceea468080754ff1e56db4175d22e96eec4cab81fccfb97fd68","bytes":375611}}
{"source":{"wave":740,"partition":0,"offset":740,"checksum":"ea953fdd9f55ed868e04c63e5d4b469953f65c69c3eae5c32856b0e37d2bc5fd","bytes":375611}}
{"source":{"wave":741,"partition":0,"offset":741,"checksum":"6cac58bb2c63096187f02713cc22c3ba578a6c8d0b975d80b73568c934931540","bytes":375611}}
{"source":{"wave":742,"partition":0,"offset":742,"checksum":"bd94729b20a6f62f8d30cc45349e230ef6c7f752462571b7961a3deedbb13f90","bytes":375611}}
{"source":{"wave":743,"partition":0,"offset":743,"checksum":"6b69680400334ea75ea86a935b449affc4fd651ac2dd90584e586046e37d5d5e","bytes":375611}}
{"source":{"wave":744,"partition":0,"offset":744,"checksum":"1da88e131161bf7d7d7e03b8047ef567262141571510cf2201375f94d704a125","bytes":375611}}
{"source":{"wave":745,"partition":0,"offset":745,"checksum":"572bd9aae461de5d1a4ece8ed31ea202de839ade7f02312fc1465dc17745fa85","bytes":375611}}
{"source":{"wave":746,"partition":0,"offset":746,"checksum":"1d31cb0ecedeed5700d834faea6ad092292b97bea282ed35b8227aee27fc8574","bytes":375611}}
{"source":{"wave":747,"partition":0,"offset":747,"checksum":"5dc30086fc74a9d1350f3ac4d1a098b2766e635e74f8700cba3af980c51c2953","bytes":375611}}
{"source":{"wave":748,"partition":0,"offset":748,"checksum":"6d5a541877ffc93500a8d7ffa7d410dfc05990114c438ad3ed6fef42f3eb7df6","bytes":375611}}
{"source":{"wave":749,"partition":0,"offset":749,"checksum":"86473284dfe3dbdbd642232b6d5e8da81194b471e17bb9a8bfed16ceb95ae8ff","bytes":375611}}
{"source":{"wave":750,"partition":0,"offset":750,"checksum":"afd897687af459a66e1616a7675b9961b98607e638b2d70b2b52f1daf7f824f2","bytes":375611}}
{"source":{"wave":751,"partition":0,"offset":751,"checksum":"b4e0619ebbf7252cf53d9a13e73c4762e5e3a2b70c51cb446a840c6ea43f2800","bytes":375611}}
{"source":{"wave":752,"partition":0,"offset":752,"checksum":"e43175a80ed9fddb388773df8934f5ab7f8367371f59968b83cd2336783e5062","bytes":375611}}
{"source":{"wave":753,"partition":0,"offset":753,"checksum":"568adadc711e928ab3376abf7ca81e2af089add21c91a9c29253ced6d20c48d9","bytes":375611}}
{"source":{"wave":754,"partition":0,"offset":754,"checksum":"87d19f6a696663da657f085bff8f053fe9b40a7f5fb8129786c70f0d75ac66d7","bytes":375611}}
{"source":{"wave":755,"partition":0,"offset":755,"checksum":"1aa2920bae065eec1333f0d2aef49960fe95fddfb5d8c4f4143f80955ad9dacb","bytes":375611}}
{"source":{"wave":756,"partition":0,"offset":756,"checksum":"2929d1c44faff90d4a3141687832a17443e4795c702f5518d37ea730b75ad3a7","bytes":375611}}
{"source":{"wave":757,"partition":0,"offset":757,"checksum":"313cb0b68717aab7e70b2ebde40279b90305fafcac82a7843ba7125652470d4f","bytes":375611}}
{"source":{"wave":758,"partition":0,"offset":758,"checksum":"51089f6262af02ebf26f24ee0f3b6e8fbb8a551a2e50e1040bc04fa10789bff2","bytes":375611}}
{"source":{"wave":759,"partition":0,"offset":759,"checksum":"59b69d530e86a26a6190528416c2c1a1b28c37dfa657e24dd578e6719cbdd495","bytes":375611}}
{"source":{"wave":760,"partition":0,"offset":760,"checksum":"394639f1fdd07a3240ac3c068710ad936eeef74c29b6f48a8f3cae0ba8d958b7","bytes":375611}}
{"source":{"wave":761,"partition":0,"offset":761,"checksum":"6e4e2f380a401fbb2e0f0b86763932216cb9f0dfee777ebe6ea3cb47ea60e81b","bytes":375611}}
{"source":{"wave":762,"partition":0,"offset":762,"checksum":"90912736d0777bcbdb06b18a7d6625db7631737cc61cd0e937260df694c5ad12","bytes":375611}}
{"source":{"wave":763,"partition":0,"offset":763,"checksum":"4458147cf910bd8ebbf9b57ef18d8e7365ef020546e9fccdbba6a8913c14db4f","bytes":375611}}
{"source":{"wave":764,"partition":0,"offset":764,"checksum":"62d9196ea4832b1df157a58f11dc15c26423809dc3eb576ab08b65c9bd794fd1","bytes":375611}}
{"source":{"wave":765,"partition":0,"offset":765,"checksum":"51b20f0a38f8b24526fe8b2e16d78e9d3b8d69d05f20e92ce6f1dba8ec675bd8","bytes":375611}}
{"source":{"wave":766,"partition":0,"offset":766,"checksum":"129280c7d914d69d5f7101eb14d54b2c98e8ea607102be6c33f09db4e1045b55","bytes":375611}}
{"source":{"wave":767,"partition":0,"offset":767,"checksum":"53939eed27e01a81a76245e9fe31afeb7b7671ec011de787dccde0c8562fc57e","bytes":375611}}
{"source":{"wave":768,"partition":0,"offset":768,"checksum":"a7fee4fceb33072d5fa003a524617e4b2a8f6b18f4a77ff70b7abc690c1299ce","bytes":375611}}
{"source":{"wave":769,"partition":0,"offset":769,"checksum":"ebd9e85d6e12a2e0ae5c7f68d67889801d59fc840efcad6947b39a797bfeb1e9","bytes":375611}}
{"source":{"wave":770,"partition":0,"offset":770,"checksum":"d793db4d26759d2531a5441e695161092523bdae8838dd71496f4089d32f8e4c","bytes":375611}}
{"source":{"wave":771,"partition":0,"offset":771,"checksum":"eddc19135dd1f2a47f6d9f4e7b1ff04ac6f23200a3867d53d3f75250fee60e2a","bytes":375611}}
{"source":{"wave":772,"partition":0,"offset":772,"checksum":"37af0b8e49d337a51c3f4665acfd7fe7e0777b60fcb9d1496e8915f7dfb3237c","bytes":375611}}
{"source":{"wave":773,"partition":0,"offset":773,"checksum":"d46aa140d1d5c920ece10d8679114549ade9c8d65baa04f60de52d0f1924f308","bytes":375611}}
{"source":{"wave":774,"partition":0,"offset":774,"checksum":"ffcf89dc4e4088f066179521b53193870eec4632ec27ae0d893e5183cc376592","bytes":375611}}
{"source":{"wave":775,"partition":0,"offset":775,"checksum":"ab96f35dab9ada93c89f50b325160db6506ff683a00b45db02aeb478d2d3f839","bytes":375611}}
{"source":{"wave":776,"partition":0,"offset":776,"checksum":"c8371716df4ff1b86ab2ab55d5ebb679339590132a1efcf4a6cd4b30eff01933","bytes":375611}}
{"source":{"wave":777,"partition":0,"offset":777,"checksum":"4044d27af860eacbe116d56303445224e7ae0b59fbb2089cb0af375f63e5cda7","bytes":375611}}
{"source":{"wave":778,"partition":0,"offset":778,"checksum":"b3a83c20d71ee9fd68e8a1bdf2c49db65324861df23afbda3ba51ad0b9c0ac14","bytes":375611}}
{"source":{"wave":779,"partition":0,"offset":779,"checksum":"df3cf315dd054c0214c98431ff6db0a1fc6468e8af688431f85b35cdffb78934","bytes":375611}}
{"source":{"wave":780,"partition":0,"offset":780,"checksum":"dd0d8d02d797b0b1b176e049a08fba95c53674cabc25869d74e4e21839ce0630","bytes":375611}}
{"source":{"wave":781,"partition":0,"offset":781,"checksum":"313ca46de88fb835e6cf39e8f9ea1d2220db239341b369ca11d3be2b15f05aa7","bytes":375611}}
{"source":{"wave":782,"partition":0,"offset":782,"checksum":"1758bf7c8f5fced0c906264c3bc5100973e20eb570208b860fab52abc743aa82","bytes":375611}}
{"source":{"wave":783,"partition":0,"offset":783,"checksum":"462c8fffdb46fb688cf219cb51d768f7bc42e25c90a7710bef6fd846f0dd0594","bytes":375611}}
{"source":{"wave":784,"partition":0,"offset":784,"checksum":"1b3ad9a7b98e34e32a66c8f704650020a58dec99f890323138bcdfbd5aa21245","bytes":375611}}
{"source":{"wave":785,"partition":0,"offset":785,"checksum":"c3b7605fa3f2c2f039a1f941c63751738df132be3441b526cf7d23357e0ca825","bytes":375611}}
{"source":{"wave":786,"partition":0,"offset":786,"checksum":"46e9205413037e7017681be2deba175759adebaac00d0753b59b7c4e307054a0","bytes":375611}}
{"source":{"wave":787,"partition":0,"offset":787,"checksum":"b68c8ad8372c3c68d13505d627fce61d25c8244fa0c6bf98817dfefa8f6aafc4","bytes":375611}}
{"source":{"wave":788,"partition":0,"offset":788,"checksum":"ec8358d859b81950f6adbcb5a2c1919877b9ef7cfcb11c348405d33d6ae53462","bytes":375611}}
{"source":{"wave":789,"partition":0,"offset":789,"checksum":"49094e0928175d2c8025c4803db75c7e44d013a624a1f9ee2856689dd33db4d4","bytes":375611}}
{"source":{"wave":790,"partition":0,"offset":790,"checksum":"0b709d0c72f58c5392b7fd4591a65af3a9d98819ab4274f2033fbea84bf0f669","bytes":375611}}
{"source":{"wave":791,"partition":0,"offset":791,"checksum":"50764da9f74d66c0c6af8291ba106dbb370837d768d3601cffc39b0dff0f32ee","bytes":375611}}
{"source":{"wave":792,"partition":0,"offset":792,"checksum":"8553efc685de12c8b4eed692e9ee6383ca20ffbd70c0406044bb54f6ceffbee4","bytes":375611}}
{"source":{"wave":793,"partition":0,"offset":793,"checksum":"ce67cc9020ad2a4dbb65008581e9d7b858f3db8b672ee3179db60e03647f763d","bytes":375611}}
{"source":{"wave":794,"partition":0,"offset":794,"checksum":"1266997446bbbde520453ae463cdb9aba4f23121f6f1cfe59d16064e67a0ae7f","bytes":375611}}
{"source":{"wave":795,"partition":0,"offset":795,"checksum":"20054e0936d1f76990c03806aa1f89b3e8dc76a85f34647c0655d68d0dce419a","bytes":375611}}
{"source":{"wave":796,"partition":0,"offset":796,"checksum":"9cf9a9f27c8f5eff7ac9649b674e425682ea6e0a1519ead5feff3f3030371575","bytes":375611}}
{"source":{"wave":797,"partition":0,"offset":797,"checksum":"1f98c89ce08248014de89c6c1ca4104f0119ea396bf00211fa2e6749a15534c5","bytes":375611}}
{"source":{"wave":798,"partition":0,"offset":798,"checksum":"14fdbb7f6858d8a1c97ffdb9e9cf81b07f43d3ebf84666b59ae60c47a417d281","bytes":375611}}
{"source":{"wave":799,"partition":0,"offset":799,"checksum":"e3ff23bcf1308baa7437b80c9540bb1f7ad454ad3b225e9771f21ef14f406fb1","bytes":375611}}
{"source":{"wave":800,"partition":0,"offset":800,"checksum":"0cf4a07f24cb1ebce4921a1940eca0de5426e7cf51263997d9606095cca430ca","bytes":375611}}
{"source":{"wave":801,"partition":0,"offset":801,"checksum":"e3be13a0e564d8743f7106d188880c740c82f3faa7354f5dda5a3f0292c41a9f","bytes":375611}}
{"source":{"wave":802,"partition":0,"offset":802,"checksum":"8be3c841d6395200b3df08763fb9f5d670a541fed6c9b99c337b728cf2ff3e12","bytes":375611}}
{"source":{"wave":803,"partition":0,"offset":803,"checksum":"64225c0ddefb30322475210722d086fbce8440d48f9c1f9ab0925e3b6f0be703","bytes":375611}}
{"source":{"wave":804,"partition":0,"offset":804,"checksum":"08a68fc08caab67fdb27640356a69f73b9efcbfbb654cfb050625bd428cd056c","bytes":375611}}
{"source":{"wave":805,"partition":0,"offset":805,"checksum":"94c7ee39b41f3f93811267ed7a65198d0b0298b50dc371481d08ece7bea3d729","bytes":375611}}
{"source":{"wave":806,"partition":0,"offset":806,"checksum":"afd16a0f27b0ca95c32fe0024a9ddcf17304f9acbc5e42e8132c4e3792a16ca7","bytes":375611}}
{"source":{"wave":807,"partition":0,"offset":807,"checksum":"1b425eb2d0e192c4594061ad07bacc4e20e973825bad400818ca05c8074abba0","bytes":375611}}
{"source":{"wave":808,"partition":0,"offset":808,"checksum":"d7e849b9d7feb84b834f4bf58895baa16775f5a8a8a639e372396dd87f16d065","bytes":375611}}
{"source":{"wave":809,"partition":0,"offset":809,"checksum":"b6e81ef3fe8830994a532bacd5255cd9b4fbc8802ff8b27433cef5d4916d2fca","bytes":375611}}
{"source":{"wave":810,"partition":0,"offset":810,"checksum":"9c78134c1cfb909f455bfbc9f34127e383f204400175bfd7c4e3898052b1ff2d","bytes":375611}}
{"source":{"wave":811,"partition":0,"offset":811,"checksum":"0bebc7ca4d0e7a0b4d7f976811132df4765ed003b93f155a150306276cd5a233","bytes":375611}}
{"source":{"wave":812,"partition":0,"offset":812,"checksum":"40636ea794568c5849d3ce4f7a7cc8658cc417a8c949f6de9bb00440a29d3505","bytes":375611}}
{"source":{"wave":813,"partition":0,"offset":813,"checksum":"d8866a89d13266884d28dae4c33a69cf281828356bd6e4a67537161512dfd241","bytes":375611}}
{"source":{"wave":814,"partition":0,"offset":814,"checksum":"50fcc604e698c7f464d5323ec08598d5d5a90143077f4296cba34a6f5e835114","bytes":375611}}
{"source":{"wave":815,"partition":0,"offset":815,"checksum":"ffb7d3583cd739c6c51d8e4d657ebdd0c5102df374ea11affb13f062cc3ee688","bytes":375611}}
{"source":{"wave":816,"partition":0,"offset":816,"checksum":"75a5f685d9ff97e56ae33eedebb7c13f2395767bb2146b2566c2752ef2c78c21","bytes":375611}}
{"source":{"wave":817,"partition":0,"offset":817,"checksum":"2341b6df1c8b1cd7f6991dc4304303e483e8368176603316283c44965d6c3ec4","bytes":375611}}
{"source":{"wave":818,"partition":0,"offset":818,"checksum":"e70cd3f8661d5b9a85700166d953f5979beabb39762f17592d73bb2171859ea6","bytes":375611}}
{"source":{"wave":819,"partition":0,"offset":819,"checksum":"7afcf36fc38f90e3a857184f2cd1b01a29bbcbb115a3abd3c668598342db1e14","bytes":375611}}
{"source":{"wave":820,"partition":0,"offset":820,"checksum":"23eb0abb00ce3f6bb531539752319c96ac0788fecd4f3424147f5e792bfc05be","bytes":375611}}
{"source":{"wave":821,"partition":0,"offset":821,"checksum":"6d0248640c3d33b2d1f13d4e7a137988991969ae3ae68b686243c5d3ee7eb3ac","bytes":375611}}
{"source":{"wave":822,"partition":0,"offset":822,"checksum":"932626d0623e940208eedc7f9c97506c99797698ec520f7c9d014c60a8b239c1","bytes":375611}}
{"source":{"wave":823,"partition":0,"offset":823,"checksum":"d24ef3f5f0fb4f1c0f515073126ceedabb6a0fbb4a38928f3751caebb23ea78f","bytes":375611}}
{"source":{"wave":824,"partition":0,"offset":824,"checksum":"0983737f816f0b3b3eaac75f43755185703ea98248c8b58b2979986196ac07de","bytes":375611}}
{"source":{"wave":825,"partition":0,"offset":825,"checksum":"3573f6e8de39db12e0b8925ea0e0df6f992460c275b3b7f7c5a135e3cdd1a752","bytes":375611}}
{"source":{"wave":826,"partition":0,"offset":826,"checksum":"c804e5533edb7854c489f2ec0a5d5064d01f485efaaa284d7aa705a563939978","bytes":375611}}
{"source":{"wave":827,"partition":0,"offset":827,"checksum":"67a6a2402e04c9e41b1c7a9867726bd2897a0c03e7de12e84f5529fac25d356f","bytes":375611}}
{"source":{"wave":828,"partition":0,"offset":828,"checksum":"470425b71cd6c61c8b665b2a4a94a290f0e1e505f2252b8953e3b98f531bd3d9","bytes":375611}}
{"source":{"wave":829,"partition":0,"offset":829,"checksum":"5335054f2babbf7a32eba6a6b5c723d93f8bb11d1b3a837fb717ecedff8a828a","bytes":375611}}
{"source":{"wave":830,"partition":0,"offset":830,"checksum":"95639baaa0291c764a7f1a13ba08ee6934ea7576cae469049b921c0fa8f9cb52","bytes":375611}}
{"source":{"wave":831,"partition":0,"offset":831,"checksum":"9a273b45d1784849352c14d7825322d53351c4b129c4bea37c145c70914de6c0","bytes":375611}}
{"source":{"wave":832,"partition":0,"offset":832,"checksum":"fa8a85709795283f3e49b4c22fc08b77b1e021fc0bf08c4183e2197739417186","bytes":375611}}
{"source":{"wave":833,"partition":0,"offset":833,"checksum":"2b6f69f5d22d1862670d621d981c2d346376213d4c4e5eccfe5635c5483610d1","bytes":375611}}
{"source":{"wave":834,"partition":0,"offset":834,"checksum":"7bfcadedb67d2eac61059c8a7343429aee0830d68b5ab98ac5781fef3432e8ae","bytes":375611}}
{"source":{"wave":835,"partition":0,"offset":835,"checksum":"d3bd8841f4dc1ec2628b8fa7810854844280245d75cda3ce2851b30322af8250","bytes":375611}}
{"source":{"wave":836,"partition":0,"offset":836,"checksum":"345c276e2f6406568988268711f75f4887c37d0f8f7e1c8685487932db5a558d","bytes":375611}}
{"source":{"wave":837,"partition":0,"offset":837,"checksum":"8d09049825fdc0de3db2c7cb9f568f62f5eeca2a8a041a7ef571fd39da8ac15d","bytes":375611}}
{"source":{"wave":838,"partition":0,"offset":838,"checksum":"7ed5edad794d32da369207861131e642674bc6983c2ccb8d5180d91862db6535","bytes":375611}}
{"source":{"wave":839,"partition":0,"offset":839,"checksum":"0cc35ecb8294292e236d4268eb203b1d7af94830f6591827caaaec5480012e46","bytes":375611}}
{"source":{"wave":840,"partition":0,"offset":840,"checksum":"b42469961ece8fa8a5d3039e59318caa1e860c3d8dbbe70c06388ff3fc5da7cc","bytes":375611}}
{"source":{"wave":841,"partition":0,"offset":841,"checksum":"2f7fd52eb952dfd13263d5f3ca64ace537045399a5bcda897f5e9c2fac50801f","bytes":375611}}
{"source":{"wave":842,"partition":0,"offset":842,"checksum":"72236d0dd65ccc63c22bf048b7d1c07653f5818bb457bce18212da724dbe65db","bytes":375611}}
{"source":{"wave":843,"partition":0,"offset":843,"checksum":"4391bf0c3ef43145cd60a3fe60de07d1d9cae9a6bb7a24c2caca04dc1e22d7b2","bytes":375611}}
{"source":{"wave":844,"partition":0,"offset":844,"checksum":"907581b00fe475790ed361b1d239b071755f2fc255d8bb3e1486f9aa0852883d","bytes":375611}}
{"source":{"wave":845,"partition":0,"offset":845,"checksum":"dc25d5c66ae5b6d7ea0b7df88ebfab4f6554cb46621daf080ae26b930b273287","bytes":375611}}
{"source":{"wave":846,"partition":0,"offset":846,"checksum":"f45996aa5f49ab59ab5d57b30fecc2041ce280ca3502af43d9c5f3140e7296b5","bytes":375611}}
{"source":{"wave":847,"partition":0,"offset":847,"checksum":"216af7b8a174e98b64144c59b442bd0f5e70c6fd681778fe1b2cfc0b4ad14791","bytes":375611}}
{"source":{"wave":848,"partition":0,"offset":848,"checksum":"9839d8b4a4fe5cc16d234723c5f117be1fad0bbdf919bf20a164b6803a3ab0c4","bytes":375611}}
{"source":{"wave":849,"partition":0,"offset":849,"checksum":"1ca33a7a76ca54133f3af97bda89d7f9f54f1bf46018aafb2c42c5399ae33641","bytes":375611}}
{"source":{"wave":850,"partition":0,"offset":850,"checksum":"3c756cdff1b7caf6bf1f44f1babed7297aebb440bec89c9a9212f175cf68cd48","bytes":375611}}
{"source":{"wave":851,"partition":0,"offset":851,"checksum":"2e0567de34f57645b85642edd01dae973663211c051e8130296967c085b25acc","bytes":375611}}
{"source":{"wave":852,"partition":0,"offset":852,"checksum":"834e2953e8509f09f4a0f30fa98be46ca964ec3fc9f5a7e8f6bb0d76a5586971","bytes":375611}}
{"source":{"wave":853,"partition":0,"offset":853,"checksum":"19c63656e5bcd4fdc695b4d31d276bc89ec5aecba546e10c4c015f17263201b8","bytes":375611}}
{"source":{"wave":854,"partition":0,"offset":854,"checksum":"16aa0835734ba37ccd392cf49f69d1c14620bb0654ce8611348d490b079ab0bf","bytes":375611}}
{"source":{"wave":855,"partition":0,"offset":855,"checksum":"8dbcfcb779eac1683f6aca70ea98fbce1ba06e223c6d59fe1536004ba2aaa728","bytes":375611}}
{"source":{"wave":856,"partition":0,"offset":856,"checksum":"cda3c99750a8e8e2426c0db7b8642c933e94b0fa70add89d8e1d0fdb86b9664a","bytes":375611}}
{"source":{"wave":857,"partition":0,"offset":857,"checksum":"be7cfbb2e224f22551e3f58d4c48603f1f711a5d348f81b2e6adbb322c888c12","bytes":375611}}
{"source":{"wave":858,"partition":0,"offset":858,"checksum":"71785e9d5d4b4c69ca3a3477a55ca23af96a0eb121c9b1e913b373d4ea2fe1b3","bytes":375611}}
{"source":{"wave":859,"partition":0,"offset":859,"checksum":"db18bea398a98a72aa6af0c13b4210b8d7e6d7fde648f87ec262547a8994ef87","bytes":375611}}
{"source":{"wave":860,"partition":0,"offset":860,"checksum":"eb11a2178171392f4db1a2443563db651b7bb61fdc87f9323d9371abac582722","bytes":375611}}
{"source":{"wave":861,"partition":0,"offset":861,"checksum":"327bd67f29143833c540791a86b43bbd5ca26c938b417338cffc124273eb6aca","bytes":375611}}
{"source":{"wave":862,"partition":0,"offset":862,"checksum":"5b4e71ef32b890313122d672106ed52089cd761887042313ec4cc2c0d48d6f7c","bytes":375611}}
{"source":{"wave":863,"partition":0,"offset":863,"checksum":"677468abefc94f09306128850ae8cf91db5c03c3d92b53385ec60079dae49575","bytes":375611}}
{"source":{"wave":864,"partition":0,"offset":864,"checksum":"7936e64aa3e021afcbefe96a8d50fe2cea2368be4247b0c47bac7c9939094d7e","bytes":375611}}
{"source":{"wave":865,"partition":0,"offset":865,"checksum":"5ed1170e0512afac04cf824f7372bff16a4cfb0075ebece39623add6e0e49916","bytes":375611}}
{"source":{"wave":866,"partition":0,"offset":866,"checksum":"d6495dbd73b685104b6f993450b82a6175233baace9c617e06935ec1d469b28b","bytes":375611}}
{"source":{"wave":867,"partition":0,"offset":867,"checksum":"c8ba4849addc61b45df6e8035e189ca16cc6392976430b4f651de028422cba62","bytes":375611}}
{"source":{"wave":868,"partition":0,"offset":868,"checksum":"c42737e93cc6475892d1f3316ce15a766652acb29dbeef6b328ab95591f59d62","bytes":375611}}
{"source":{"wave":869,"partition":0,"offset":869,"checksum":"d3dd564e4483d9baa9843c7d372c7720649108052aec75054d75cdaec21370f4","bytes":375611}}
{"source":{"wave":870,"partition":0,"offset":870,"checksum":"8fffdf3e46164bd6b79411e5583f738b360045833cd64721c5dc42b624ecf5b4","bytes":375611}}
{"source":{"wave":871,"partition":0,"offset":871,"checksum":"d47da254ff30ad44eb538b549814bbea29f5f72193a8404f57532b583995632c","bytes":375611}}
{"source":{"wave":872,"partition":0,"offset":872,"checksum":"679ee3b3b2fde94b70b4667977945a4fc7259c755d531c315bc413a64b747aa5","bytes":375611}}
{"source":{"wave":873,"partition":0,"offset":873,"checksum":"72d456db3051fdc63cb3194857185f7e0fb38e3edf0be03a015f83041f52540b","bytes":375611}}
{"source":{"wave":874,"partition":0,"offset":874,"checksum":"8cdd3f40793439a2229c33b4114fd06a13ce88dfd275aad2ded2a3b50bfc4408","bytes":375611}}
{"source":{"wave":875,"partition":0,"offset":875,"checksum":"b40363512229909e2f627102559c3a271e03ca4cdcc3be90a790a9dc9d88c622","bytes":375611}}
{"source":{"wave":876,"partition":0,"offset":876,"checksum":"bd69476b2556a4a85081d562d2095fdc676cd59d630abddd0fc1780a2490b65f","bytes":375611}}
{"source":{"wave":877,"partition":0,"offset":877,"checksum":"27a46aaab3d10f091ad83227c8028222b8982b882067e707257784c2fda05720","bytes":375611}}
{"source":{"wave":878,"partition":0,"offset":878,"checksum":"efd8e65fa7999e98962ae8b1238ba92a3d9e795d5703633826c820ae3f8f4fc3","bytes":375611}}
{"source":{"wave":879,"partition":0,"offset":879,"checksum":"cd7c8599b14b941aa132dc27fcb0e11d0b711257df417de1568b5cf1b8b63cba","bytes":375611}}
{"source":{"wave":880,"partition":0,"offset":880,"checksum":"ff84960fb92ebe4a6f4b296f2b4e5f42af72674801491996f508be20d6e970ff","bytes":375611}}
{"source":{"wave":881,"partition":0,"offset":881,"checksum":"4fd0d3e7eee5e7eed07694918f30c9d43ba44d9629c0238f983063285da3d8e7","bytes":375611}}
{"source":{"wave":882,"partition":0,"offset":882,"checksum":"b03e7809f867317c52d87dcb8f498eb8411a5217daa7e672e459735bc756eabc","bytes":375611}}
{"source":{"wave":883,"partition":0,"offset":883,"checksum":"31a6bb2e2f235f203a6173a7de65133f33323c05ece2a199740a09d4a747fcc5","bytes":375611}}
{"source":{"wave":884,"partition":0,"offset":884,"checksum":"d7183c375a9a1d2f136c7d305a81420e0e70a542295d5bda69bb83c7f4385931","bytes":375611}}
{"source":{"wave":885,"partition":0,"offset":885,"checksum":"bd40942fd64618010be4dbcf290f93c7766259ccd714da7826501c1bd06b0afc","bytes":375611}}
{"source":{"wave":886,"partition":0,"offset":886,"checksum":"f1b85caad2a1af644fa2171906a254fc8070e281e75f8fced75be57f9bbaa55c","bytes":375611}}
{"source":{"wave":887,"partition":0,"offset":887,"checksum":"ebab04c3df27f3d49a629768fa57bdc01620e69ed46d4730e0f43c919e52ec02","bytes":375611}}
{"source":{"wave":888,"partition":0,"offset":888,"checksum":"a61556c9c3f7f0de7ac8f7c3a55651f6b5790039f845b56ba78402afa716c655","bytes":375611}}
{"source":{"wave":889,"partition":0,"offset":889,"checksum":"098083db1145fa11b320c2a9b95c010a64ffca74596970d5e55c173d3e6d1b80","bytes":375611}}
{"source":{"wave":890,"partition":0,"offset":890,"checksum":"20a56876a795c53e9d4f8177d95c489d01d654b3a393d40971f1d5e200bfea23","bytes":375611}}
{"source":{"wave":891,"partition":0,"offset":891,"checksum":"52fff5da3aa28ad82a6c38a6a1952ad74d50fc84c01ff399fc3f3d7244f4e482","bytes":375611}}
{"source":{"wave":892,"partition":0,"offset":892,"checksum":"c2e6c610693c80d88f2cb4d9f688c064d3212411187001c653eacdca2f77b77e","bytes":375611}}
{"source":{"wave":893,"partition":0,"offset":893,"checksum":"c11dc23543d1699c6c1df1ef19685155ecd25a7e04d567b38a384aa57b638fae","bytes":375611}}
{"source":{"wave":894,"partition":0,"offset":894,"checksum":"346ce6c9eefe7eb081c94d5778b4a530fd8780bec2d36a51e32a9c64f93305d3","bytes":375611}}
{"source":{"wave":895,"partition":0,"offset":895,"checksum":"e868eea166d07d4f9782ad3bd5520c582c41dc22471d1583870a4e9259f50307","bytes":375611}}
{"source":{"wave":896,"partition":0,"offset":896,"checksum":"37c34e4c34584a3dcc48ee0842f42b7f4958afaa8f6497ef9d35e963a579cf02","bytes":375611}}
{"source":{"wave":897,"partition":0,"offset":897,"checksum":"b6511c8bd480011ebc82618be977402e3d79feacc3bfad1f172a1107b60dd7b4","bytes":375611}}
{"source":{"wave":898,"partition":0,"offset":898,"checksum":"11c49aa460f2fb4257c71747569f6f6bb419f68ea1a5779b50d79b6aa8fa35f3","bytes":375611}}
{"source":{"wave":899,"partition":0,"offset":899,"checksum":"633df4ba3c4f2520d37b2867f0f39057f820abd068e396a32c0a478112267943","bytes":375611}}
{"source":{"wave":900,"partition":0,"offset":900,"checksum":"c916916e63f90fbc986a61e1034d96ae8728f2e48639e079fc0a0e49bca92d91","bytes":375611}}
{"source":{"wave":901,"partition":0,"offset":901,"checksum":"b0c7f962b1c76af17d1d5c7428f83f669eebb479f11cdbac289a7135117bacbd","bytes":375611}}
{"source":{"wave":902,"partition":0,"offset":902,"checksum":"2fb35149f4ff6e85df3d8527d1d68e683742ee14a0bdb774c130506049443965","bytes":375611}}
{"source":{"wave":903,"partition":0,"offset":903,"checksum":"044568149d1f9da0ba09c288c717447fe25dee77ffded472d552aaaeda9b9fae","bytes":375611}}
{"source":{"wave":904,"partition":0,"offset":904,"checksum":"d56381acb48d82728f0a513a4e5b69c652507babcc7078566791a314ad204859","bytes":375611}}
{"source":{"wave":905,"partition":0,"offset":905,"checksum":"b67fd0d747029d31eaaac74fe67148519fe3fe030c819d275603590651643b88","bytes":375611}}
{"source":{"wave":906,"partition":0,"offset":906,"checksum":"488f3d25eb5d2ebd6eedc9d8ffd16a3ccfed9eb7e805f7bc847be5ae03d89931","bytes":375611}}
{"source":{"wave":907,"partition":0,"offset":907,"checksum":"6942637c3c305d16e9e134148f1794322217a0b483a756e47d03e0a39e495878","bytes":375611}}
{"source":{"wave":908,"partition":0,"offset":908,"checksum":"f7ab637c585f5726049887e72c4f1a7f2955189b2b4642b6694d5b1510ab4dae","bytes":375611}}
{"source":{"wave":909,"partition":0,"offset":909,"checksum":"4c79dcc0b6019974eace619930ff016920508eab2db53193ce72995c067a73b3","bytes":375611}}
{"source":{"wave":910,"partition":0,"offset":910,"checksum":"a14481654b84d110c43576e803a102656e34730d92cf2ef08b37bcd6b2c29c9e","bytes":375611}}
{"source":{"wave":911,"partition":0,"offset":911,"checksum":"28c64884d3cd0d3031160add6e412b2e053c255a538291720b736cbd5239bba7","bytes":375611}}
{"source":{"wave":912,"partition":0,"offset":912,"checksum":"aec6dd9951a4bd89ded18c8e54681963d88de247713a13dc8dd0f514215bce87","bytes":375611}}
{"source":{"wave":913,"partition":0,"offset":913,"checksum":"3f6fe39f6279aa135b2c0d9cefe88ca6e4f9f30b30bc37ce6badb3b8387bf7ad","bytes":375611}}
{"source":{"wave":914,"partition":0,"offset":914,"checksum":"7e2977a685311cbfe5084d0448b0a6019562575129da8cf1dc58a735b8f084e3","bytes":375611}}
{"source":{"wave":915,"partition":0,"offset":915,"checksum":"814fc4586500cc7721800950e326d51a88d9a167e05ff424f1cff36422a6758b","bytes":375611}}
{"source":{"wave":916,"partition":0,"offset":916,"checksum":"091f2e01b33a014841bf3d7a962cee5453a0fba14df632682d3b4253aa3cb0f8","bytes":375611}}
{"source":{"wave":917,"partition":0,"offset":917,"checksum":"7a2787f239539d879c4a4afa7b4ea1e343cbb1b1f758b7190f790ecf26fc773d","bytes":375611}}
{"source":{"wave":918,"partition":0,"offset":918,"checksum":"3df2ba97667369ba2177fd55db358bb508285425946025552f2890b7ba6c2ff5","bytes":375611}}
{"source":{"wave":919,"partition":0,"offset":919,"checksum":"e3970d58fbc63df05dce19ac06a22c920b763c17c69f1cb1e8f632ad55d37aaf","bytes":375611}}
{"source":{"wave":920,"partition":0,"offset":920,"checksum":"a3ee232e1ba5777340c38ef7d2cddd15ca95cbc155e625c3c37184d7bced19f5","bytes":375611}}
{"source":{"wave":921,"partition":0,"offset":921,"checksum":"578eeb98bb5e3e534896c11a0d74adb8a0990dd199d7c2904773a9ea7408fbe4","bytes":375611}}
{"source":{"wave":922,"partition":0,"offset":922,"checksum":"603a0b8f34085c2e6e596b815247fcd4b8e0e782473eb26cf8f571399e7243b8","bytes":375611}}
{"source":{"wave":923,"partition":0,"offset":923,"checksum":"a8ad941fdadcd86ef1f0ca654450fab9710d164d25f45b1c84599a666bbe441b","bytes":375611}}
{"source":{"wave":924,"partition":0,"offset":924,"checksum":"f0f72a92066ebcef19cad9b823a5f59ad34498a8af9e528511ada368cc394709","bytes":375611}}
{"source":{"wave":925,"partition":0,"offset":925,"checksum":"fa193196ecc784a93acd975d4183112236ab8b407e2386df3c5802fc09c9a270","bytes":375611}}
{"source":{"wave":926,"partition":0,"offset":926,"checksum":"08975a406e718b4aab8de40fbc5de620721d3f593e8249debb13c08eeff3d9f3","bytes":375611}}
{"source":{"wave":927,"partition":0,"offset":927,"checksum":"c269659f8d9618943c0d6a68cb3679f9ee713eb5b2cadede46d5b4431ee66407","bytes":375611}}
{"source":{"wave":928,"partition":0,"offset":928,"checksum":"4805b4241710e5579d98a01815098de24821cfa6d5805969093459e9efcb2d2c","bytes":375611}}
{"source":{"wave":929,"partition":0,"offset":929,"checksum":"13cfc113702d10ff80e94b9235d17bf22bd7d627a2b67c202f3ac43d3d864b7b","bytes":375611}}
{"source":{"wave":930,"partition":0,"offset":930,"checksum":"a77f3ddca3e5995abe5393f2d2d10f0dcb83d40ccfeeadab53f884b362ed519a","bytes":375611}}
{"source":{"wave":931,"partition":0,"offset":931,"checksum":"b910b3f8766aedfca1efae3a2e81d958abcbb954e0a36a2770c218e8ca0e7137","bytes":375611}}
{"source":{"wave":932,"partition":0,"offset":932,"checksum":"08b9011b288175c101069cd8a804bbfcff134f5272faa8b05bbce4e82f644868","bytes":375611}}
{"source":{"wave":933,"partition":0,"offset":933,"checksum":"c9d5826fea992b6170aaa498d0e22b3492ddf27c4ca13858bede858d83aaf021","bytes":375611}}
{"source":{"wave":934,"partition":0,"offset":934,"checksum":"dd8c1f3ac09553441280cf3d12ddac4a8397c838516817e32418c6947e715d8e","bytes":375611}}
{"source":{"wave":935,"partition":0,"offset":935,"checksum":"e01a3897be8634846f0bb012f93ec7be39418532c45c749a6f3529c87bdb708a","bytes":375611}}
{"source":{"wave":936,"partition":0,"offset":936,"checksum":"82e35b96d96679dadbac11a75d8af6b6e0ceb6f6232e14903f99a6b74c701485","bytes":375611}}
{"source":{"wave":937,"partition":0,"offset":937,"checksum":"4677a3a370322e14028150330081b376bbd2fbb2f390474a0934cd4c512957a8","bytes":375611}}
{"source":{"wave":938,"partition":0,"offset":938,"checksum":"89a45be64685fd542da0188fca45a57958707364a075f04452572295073587bd","bytes":375611}}
{"source":{"wave":939,"partition":0,"offset":939,"checksum":"ec5b482b5165e98e4e9972be77a718feea0033274eb1c5f86eb6150030f84468","bytes":375611}}
{"source":{"wave":940,"partition":0,"offset":940,"checksum":"004249d6e433f9513c6a14e51acf82164d7ddba3eb9d720e648ac6c9cdc6cb31","bytes":375611}}
{"source":{"wave":941,"partition":0,"offset":941,"checksum":"43b52c5b612a8a73a0d3d09a0aa307fe9815d9e70c75c6fb755fb9cdac76b9c8","bytes":375611}}
{"source":{"wave":942,"partition":0,"offset":942,"checksum":"893859797b91d9e29e84fc86a73172e93c75d47820c0d657934798c352d20abd","bytes":375611}}
{"source":{"wave":943,"partition":0,"offset":943,"checksum":"a14da7467ccabacd9822941950146fff73b4efd4507b47a7b269ae205abb71e2","bytes":375611}}
{"source":{"wave":944,"partition":0,"offset":944,"checksum":"8d0eb8484b1dfa39e1e9b7d00ca788eaeaccbdc6c56afa201090fcf45e87d071","bytes":375611}}
{"source":{"wave":945,"partition":0,"offset":945,"checksum":"6a81190160c59f9c8b63be341d6fe56dcf6240f64a79dc59fd51cfde6ec3a675","bytes":375611}}
{"source":{"wave":946,"partition":0,"offset":946,"checksum":"cd1df60e10041a643b8aa5d583f0a9e8ddf8ee988629ee197cac5e04dc2a01a3","bytes":375611}}
{"source":{"wave":947,"partition":0,"offset":947,"checksum":"bcaf27ea6f357130d2f60165dfdd0c5dc69991ab88af8015d517ebc6dd711e4e","bytes":375611}}
{"source":{"wave":948,"partition":0,"offset":948,"checksum":"4a61487c8b63c7c71cb76712e69d99a8c44ccc2cd62d91a90427d39571a1be86","bytes":375611}}
{"source":{"wave":949,"partition":0,"offset":949,"checksum":"c194b00585d73591b1980382af7697655d9fc4ac5f2e594d631fbedd7fb00f0f","bytes":375611}}
{"source":{"wave":950,"partition":0,"offset":950,"checksum":"06599d844afb1f83c91e493b20cc66f59eb1d7a312eb5adeddac161ebeaaced6","bytes":375611}}
{"source":{"wave":951,"partition":0,"offset":951,"checksum":"dde790f31d2f07732ae3ed66a65dd9eb6cc6fb6851b378d6cac8cd455364fbf6","bytes":375611}}
{"source":{"wave":952,"partition":0,"offset":952,"checksum":"97dbe17d4edaa286250b4c160fbab31078d9675545d95516020664bdd0ef406c","bytes":375611}}
{"source":{"wave":953,"partition":0,"offset":953,"checksum":"8605873668ab09ac59330c53dddd60f197685f9b94c9466618d0a5037509f75a","bytes":375611}}
{"source":{"wave":954,"partition":0,"offset":954,"checksum":"8895123be17eeb112727b69946f93f2a990b7fb9729c1c924f3674c5db17b9b1","bytes":375611}}
{"source":{"wave":955,"partition":0,"offset":955,"checksum":"6ffa83024b3317a81258c9dcccda40c679933a69d38c57ee4fea594c4ccfee99","bytes":375611}}
{"source":{"wave":956,"partition":0,"offset":956,"checksum":"61583da79e60c6fa5be8fe9c14cd1bb3c05275f4e8afbee01131ebabc06fd8c2","bytes":375611}}
{"source":{"wave":957,"partition":0,"offset":957,"checksum":"8b733d3cf003aad88be4b52332b15e959e38ade62dc03487803438e85ab5a42f","bytes":375611}}
{"source":{"wave":958,"partition":0,"offset":958,"checksum":"adbe30c95e22a2f59091d70a4bbcd2249461a78fc1647518cfc72046c91d215b","bytes":375611}}
{"source":{"wave":959,"partition":0,"offset":959,"checksum":"cc9f66b1397ffab849d3b7e71faaf07103d025e5eb680f9f0d4c4cf4a68731fc","bytes":375611}}
{"source":{"wave":960,"partition":0,"offset":960,"checksum":"079575e3ef845f7d886923a75329a3eef8f26a8fc13e0271f855e8d3f64bbaae","bytes":375611}}
{"source":{"wave":961,"partition":0,"offset":961,"checksum":"fa07852c1def9ae66914a6cfacfe01040ce7f968b76a6a16b40b9f65b7f26f05","bytes":375611}}
{"source":{"wave":962,"partition":0,"offset":962,"checksum":"b09e38446d84bdc4ed45396b315e13ee293a2867114a74e0c0fe102935175ddf","bytes":375611}}
{"source":{"wave":963,"partition":0,"offset":963,"checksum":"61d8e00e323b8f0aed94a790d1e12db224cf70559ff7a0c789e21bf2edcaf294","bytes":375611}}
{"source":{"wave":964,"partition":0,"offset":964,"checksum":"aed8a7f3f0625bbeb18375276a991f456c4924049de975153d51ef37d57380dd","bytes":375611}}
{"source":{"wave":965,"partition":0,"offset":965,"checksum":"9e51ed9cb76ba88da284edc845e97fee4f1f75a2bed188841bc99cb5e0ebdba0","bytes":375611}}
{"source":{"wave":966,"partition":0,"offset":966,"checksum":"7f23e838b1c4d02214634eaead2ae35b00364d28c9cc654794e370dfac93e1fb","bytes":375611}}
{"source":{"wave":967,"partition":0,"offset":967,"checksum":"7181f95455a2f9d2ccea9a1188579b0673b7f045cae4981782c5ee3b3b3543bb","bytes":375611}}
{"source":{"wave":968,"partition":0,"offset":968,"checksum":"cbf8308c61171590617e11144bafb6777002e2e8e421a0ff136e5831a81d0f67","bytes":375611}}
{"source":{"wave":969,"partition":0,"offset":969,"checksum":"cf33ed6f39dc968511d934a0912186a0a991bf7066688dfce7adee38b56bf7cb","bytes":375611}}
{"source":{"wave":970,"partition":0,"offset":970,"checksum":"e423a4d1a3c825b57046ea35158fb0573ac095ee457c53a49cc81dc9de231ea2","bytes":375611}}
{"source":{"wave":971,"partition":0,"offset":971,"checksum":"ea44329a58d4c1e74c87a09732459d15c0107c0eac7f73ce85c0fe282edacdfb","bytes":375611}}
{"source":{"wave":972,"partition":0,"offset":972,"checksum":"abddecb0308bc5b99f5b21d920a7506f236808795882272a02b7856b93f9a1b5","bytes":375611}}
{"source":{"wave":973,"partition":0,"offset":973,"checksum":"df2b3e93b6a2a6b8860e5d72c20c49580c92242ba683a9e2de5fbec69f0c05e1","bytes":375611}}
{"source":{"wave":974,"partition":0,"offset":974,"checksum":"05586da6eaa59186858df5ae7db8dde817e86752ad1abcf2e44a618dd9421b5a","bytes":375611}}
{"source":{"wave":975,"partition":0,"offset":975,"checksum":"dacfe51561568b90ea4b073ebe633becf4b949ee2c5724aa888266d59f4874cd","bytes":375611}}
{"source":{"wave":976,"partition":0,"offset":976,"checksum":"d51f3d2591615976b8b9c55aabe8229641d33de035c0b2efd530dc0a5401d725","bytes":375611}}
{"source":{"wave":977,"partition":0,"offset":977,"checksum":"7b9cc9cb3fbdae88f4e337e7bb213f0f7327f1ddd0bb2c94f3b998dc58051282","bytes":375611}}
{"source":{"wave":978,"partition":0,"offset":978,"checksum":"c88f8e582a8412b16bb144128a5438ca41bdb90d9fdd970dadbda2c093c4a6dd","bytes":375611}}
{"source":{"wave":979,"partition":0,"offset":979,"checksum":"ec5d1077329954b51d41877079ba0d6d4158761e0cc613f5a7c262412cd9027a","bytes":375611}}
{"source":{"wave":980,"partition":0,"offset":980,"checksum":"f2144668db343fa33eb8d3bc6e4b5cb14fd8c428ff573c1a59300241bcb76c5a","bytes":375611}}
{"source":{"wave":981,"partition":0,"offset":981,"checksum":"1b3c2f3f5e868144df72b14f2c6298c76c1d3998212ea1e9d533a47ad20777c4","bytes":375611}}
{"source":{"wave":982,"partition":0,"offset":982,"checksum":"700c7005e489e6fea4f39e620ab917b4d1a41a3fbf8c242b416594de8517a1e9","bytes":375611}}
{"source":{"wave":983,"partition":0,"offset":983,"checksum":"ac9a2455d79b34e621e2e3e9a18d39920c9b8941c34bab71ee75430767a7ce2e","bytes":375611}}
{"source":{"wave":984,"partition":0,"offset":984,"checksum":"69699c09ce6ae6a477cebb47c201f2868010330e1b39747366ff24d87cc3ef1f","bytes":375611}}
{"source":{"wave":985,"partition":0,"offset":985,"checksum":"c0fc4636a1fb65cec9c4d884308a690f71dfe04ce42153e1606c02b805f564aa","bytes":375611}}
{"source":{"wave":986,"partition":0,"offset":986,"checksum":"d6f464de5673f38fcc0527055ec720bbc513b10e6314cecd1c6bf34b08f5204d","bytes":375611}}
{"source":{"wave":987,"partition":0,"offset":987,"checksum":"0352c78d6286cca2361cecb9a22ed798ad7723309c2749eb1cdc631409db9fb4","bytes":375611}}
{"source":{"wave":988,"partition":0,"offset":988,"checksum":"30beed83dbbb1792c1a6b5f3f8daab921765aaf4c3757e3e51034e67ecb1c45e","bytes":375611}}
{"source":{"wave":989,"partition":0,"offset":989,"checksum":"b0ecce5575037b1c0d9681002d0f09e166fbc383cdd144ffde92b99df4a3ccd0","bytes":375611}}
{"source":{"wave":990,"partition":0,"offset":990,"checksum":"ee6cb9aca2b5ef00a61f7f09b09a832630827c28d20cbd26c1992cdab7cd4608","bytes":375611}}
{"source":{"wave":991,"partition":0,"offset":991,"checksum":"f80219fafd28d43bf5c6b4dbf33f0bc4fe82bb89f4ef45ae259041c0de752806","bytes":375611}}
{"source":{"wave":992,"partition":0,"offset":992,"checksum":"f92aa8ba66f7176c38e6d05649022e3019b929c029515f3cb51ed5a2f454939e","bytes":375611}}
{"source":{"wave":993,"partition":0,"offset":993,"checksum":"ac4b3b3c3b1aa49e1662b0b8d2069689e7b60cd73cd67a31bebd6afc4862c658","bytes":375611}}
{"source":{"wave":994,"partition":0,"offset":994,"checksum":"8a1df156cdf2eda9744e7abb51c5ad4a3a033ba86e4318eb41469bea04fa5341","bytes":375611}}
{"source":{"wave":995,"partition":0,"offset":995,"checksum":"f1bdefd1520c3656114900865a06df436d04d06e4776052010240415b1d5da96","bytes":375611}}
{"source":{"wave":996,"partition":0,"offset":996,"checksum":"fbc6c6ed036f66a8c8a878d0105c3cee616566a5fe762b3bb55c384c371b52fc","bytes":375611}}
{"source":{"wave":997,"partition":0,"offset":997,"checksum":"6b3176d5368aa609b18757a3fe5f95d8aee63ee4348690b33acc8cc42df90f2c","bytes":375611}}
{"source":{"wave":998,"partition":0,"offset":998,"checksum":"8c72db940df6545adf4215afe6d56e31c21f675adf8c859cae1ac1d73354da10","bytes":375611}}
{"source":{"wave":999,"partition":0,"offset":999,"checksum":"b6d29338c0b93cf2d1174a7843d7b92f110f0f794c20526ee32ec6c02b98a4b4","bytes":375611}}
{"startedEpochMs":1790820750759,"paceWavesPerSecond":0,"waves":1000,"trades":100000,"bytes":375157676,"elapsedMs":7843}
SLF4J(W): No SLF4J providers were found.
SLF4J(W): Defaulting to no-operation (NOP) logger implementation
SLF4J(W): See https://www.slf4j.org/codes.html#noProviders for further details.

{"mode":"measure","prefix":"p2-cap-4c565d6d-hot","args":[100000,120000],"code":0}
OBSERVER_READY
{"window":{"elapsedMs":5055,"records":30823,"rate":6097.288024265159}}
{"window":{"elapsedMs":10074,"records":90015,"rate":11792.061326209461}}
{"result":{"startedEpochMs":1790820759247,"expected":100000,"records":100000,"unique":100000,"duplicates":0,"identityChecks":true,"outputBytes":209455000,"elapsedMs":11631,"activeMs":9364,"durableRate":10679.017258251079,"pass":true,"windows":[{"elapsedMs":5055,"records":30823,"rate":6097.288024265159},{"elapsedMs":10074,"records":90015,"rate":11792.061326209461}]}}
SLF4J(W): No SLF4J providers were found.
SLF4J(W): Defaulting to no-operation (NOP) logger implementation
SLF4J(W): See https://www.slf4j.org/codes.html#noProviders for further details.

{"mode":"paired-oracle","prefix":"p2-cap-4c565d6d-hot","args":[100000],"code":0}
{"result":{"sourceTopicId":"-yHPRmFITrystm3k4jPdsw","partitionSha256":{"0":"f69d2df1be136611ffc60687bd681bd58ed98d41017e77b208a645377464dce7"},"records":100000,"expected":100000,"fullFactParity":true,"orderedUnique":true,"pass":true}}
SLF4J(W): No SLF4J providers were found.
SLF4J(W): Defaulting to no-operation (NOP) logger implementation
SLF4J(W): See https://www.slf4j.org/codes.html#noProviders for further details.

